ano;UF;VD3004;escolaridade;VD4014;faixa_horas_trabalhadas;V403312;se
2024;11;1;Sem Instrução Formal;1;Até 14 Horas;1726,399110704293;4,46185442916052e+02
2024;12;1;Sem Instrução Formal;1;Até 14 Horas;1349,511960553257;2,29774581647842e+02
2024;13;1;Sem Instrução Formal;1;Até 14 Horas;261,968990334877;8,66144593206333e+01
2024;14;1;Sem Instrução Formal;1;Até 14 Horas;329,553165568720;1,78060096381937e+02
2024;15;1;Sem Instrução Formal;1;Até 14 Horas;738,894160057996;1,43880082958564e+02
2024;16;1;Sem Instrução Formal;1;Até 14 Horas;200,000000000000;2,27944250180865e-14
2024;17;1;Sem Instrução Formal;1;Até 14 Horas;741,677186609442;2,68246466837423e+02
2024;21;1;Sem Instrução Formal;1;Até 14 Horas;730,699702343578;1,68288262745034e+02
2024;22;1;Sem Instrução Formal;1;Até 14 Horas;511,920482324879;9,57391691719865e+01
2024;23;1;Sem Instrução Formal;1;Até 14 Horas;493,065613793679;1,49255204986707e+02
2024;24;1;Sem Instrução Formal;1;Até 14 Horas;346,048961453808;9,39330765299083e+01
2024;25;1;Sem Instrução Formal;1;Até 14 Horas;631,427240491600;1,41999892789877e+02
2024;26;1;Sem Instrução Formal;1;Até 14 Horas;382,724643262112;1,47191061279756e+02
2024;27;1;Sem Instrução Formal;1;Até 14 Horas;573,256603734475;9,11361565385566e+01
2024;28;1;Sem Instrução Formal;1;Até 14 Horas;442,090214348647;2,12689599480382e+02
2024;29;1;Sem Instrução Formal;1;Até 14 Horas;600,698111682781;1,79616962638679e+02
2024;31;1;Sem Instrução Formal;1;Até 14 Horas;618,096429827852;1,32426761358969e+02
2024;32;1;Sem Instrução Formal;1;Até 14 Horas;1184,420715048159;5,56002983847194e+02
2024;33;1;Sem Instrução Formal;1;Até 14 Horas;1755,402425104705;9,29115679885123e+02
2024;35;1;Sem Instrução Formal;1;Até 14 Horas;1106,967465943698;2,74810872035900e+02
2024;41;1;Sem Instrução Formal;1;Até 14 Horas;785,935856748089;2,53271566757416e+02
2024;42;1;Sem Instrução Formal;1;Até 14 Horas;1725,561635217869;3,29373130622002e+02
2024;43;1;Sem Instrução Formal;1;Até 14 Horas;1001,213190915158;5,93302836934245e+02
2024;50;1;Sem Instrução Formal;1;Até 14 Horas;1140,228179358135;5,35633958586972e+02
2024;51;1;Sem Instrução Formal;1;Até 14 Horas;1195,633377583189;4,92943925514981e+02
2024;52;1;Sem Instrução Formal;1;Até 14 Horas;1216,713724665285;4,02606676067834e+02
2024;53;1;Sem Instrução Formal;1;Até 14 Horas;1262,458865243699;5,52786550891551e+02
2024;11;2;Ensino Fundamental;1;Até 14 Horas;1120,695368572532;2,39203009457989e+02
2024;12;2;Ensino Fundamental;1;Até 14 Horas;547,850328356768;1,42955810199957e+02
2024;13;2;Ensino Fundamental;1;Até 14 Horas;645,204649082499;1,16294365757275e+02
2024;14;2;Ensino Fundamental;1;Até 14 Horas;692,503551501613;2,03026206032736e+02
2024;15;2;Ensino Fundamental;1;Até 14 Horas;636,904292213654;6,47849356722608e+01
2024;16;2;Ensino Fundamental;1;Até 14 Horas;845,711633056612;3,90350166585756e+02
2024;17;2;Ensino Fundamental;1;Até 14 Horas;908,197902843989;1,44588837495746e+02
2024;21;2;Ensino Fundamental;1;Até 14 Horas;624,784076091065;8,75971268597914e+01
2024;22;2;Ensino Fundamental;1;Até 14 Horas;428,948325008984;4,57954693424061e+01
2024;23;2;Ensino Fundamental;1;Até 14 Horas;577,591457096130;7,17038067740001e+01
2024;24;2;Ensino Fundamental;1;Até 14 Horas;708,702156224647;1,16958712053206e+02
2024;25;2;Ensino Fundamental;1;Até 14 Horas;555,783848779190;5,77343818533363e+01
2024;26;2;Ensino Fundamental;1;Até 14 Horas;605,477036180957;6,31396672538375e+01
2024;27;2;Ensino Fundamental;1;Até 14 Horas;876,293550758159;8,03501180924542e+01
2024;28;2;Ensino Fundamental;1;Até 14 Horas;713,361908244266;1,29636563165336e+02
2024;29;2;Ensino Fundamental;1;Até 14 Horas;765,295648416960;1,56888875335010e+02
2024;31;2;Ensino Fundamental;1;Até 14 Horas;1124,012210686482;8,16772570551179e+01
2024;32;2;Ensino Fundamental;1;Até 14 Horas;1096,823504112951;1,45760482514454e+02
2024;33;2;Ensino Fundamental;1;Até 14 Horas;1054,479328305583;1,74552380568183e+02
2024;35;2;Ensino Fundamental;1;Até 14 Horas;1423,324021575138;2,39748841757840e+02
2024;41;2;Ensino Fundamental;1;Até 14 Horas;1278,265697506598;1,05491774700577e+02
2024;42;2;Ensino Fundamental;1;Até 14 Horas;1734,062270852138;2,41745403841392e+02
2024;43;2;Ensino Fundamental;1;Até 14 Horas;1114,783921258896;7,82206343528936e+01
2024;50;2;Ensino Fundamental;1;Até 14 Horas;1196,581067462368;1,24639355219349e+02
2024;51;2;Ensino Fundamental;1;Até 14 Horas;1657,394178488212;2,13629320906149e+02
2024;52;2;Ensino Fundamental;1;Até 14 Horas;968,085832865352;1,11423738130575e+02
2024;53;2;Ensino Fundamental;1;Até 14 Horas;1264,213816280134;2,43421568965171e+02
2024;11;3;Ensino Fundamental;1;Até 14 Horas;1053,272007397127;3,42783900915047e+02
2024;12;3;Ensino Fundamental;1;Até 14 Horas;1118,439723509664;4,93232446822766e+02
2024;13;3;Ensino Fundamental;1;Até 14 Horas;1013,126631569600;3,28453127057698e+02
2024;14;3;Ensino Fundamental;1;Até 14 Horas;390,850936679861;3,29359673615964e+01
2024;15;3;Ensino Fundamental;1;Até 14 Horas;787,851084761077;1,68904240461017e+02
2024;16;3;Ensino Fundamental;1;Até 14 Horas;613,213508480664;3,48787786284733e+02
2024;17;3;Ensino Fundamental;1;Até 14 Horas;1198,200094113473;2,59614802341958e+02
2024;21;3;Ensino Fundamental;1;Até 14 Horas;912,245774123432;1,68246153847762e+02
2024;22;3;Ensino Fundamental;1;Até 14 Horas;610,576112503509;8,93329646929773e+01
2024;23;3;Ensino Fundamental;1;Até 14 Horas;560,944695118433;6,11632930485289e+01
2024;24;3;Ensino Fundamental;1;Até 14 Horas;520,119493087916;1,41421087900031e+02
2024;25;3;Ensino Fundamental;1;Até 14 Horas;2915,164708368273;2,20860633434638e+03
2024;26;3;Ensino Fundamental;1;Até 14 Horas;648,995198640987;1,29612508994301e+02
2024;27;3;Ensino Fundamental;1;Até 14 Horas;1066,254858122672;5,18967704158323e+02
2024;28;3;Ensino Fundamental;1;Até 14 Horas;763,953721461478;1,70767921082176e+02
2024;29;3;Ensino Fundamental;1;Até 14 Horas;817,988686157390;1,29737170109305e+02
2024;31;3;Ensino Fundamental;1;Até 14 Horas;1418,181292119306;1,86239866443615e+02
2024;32;3;Ensino Fundamental;1;Até 14 Horas;842,397241309613;1,84197141733902e+02
2024;33;3;Ensino Fundamental;1;Até 14 Horas;1050,275001309979;1,98237213182048e+02
2024;35;3;Ensino Fundamental;1;Até 14 Horas;1196,358349145336;1,11055204873738e+02
2024;41;3;Ensino Fundamental;1;Até 14 Horas;1851,319084076139;4,40601059349669e+02
2024;42;3;Ensino Fundamental;1;Até 14 Horas;1527,083448383999;1,84089837643214e+02
2024;43;3;Ensino Fundamental;1;Até 14 Horas;1336,514932382000;1,24139849488526e+02
2024;50;3;Ensino Fundamental;1;Até 14 Horas;1270,500319989230;2,00041773736062e+02
2024;51;3;Ensino Fundamental;1;Até 14 Horas;1258,246791400863;2,13403959287030e+02
2024;52;3;Ensino Fundamental;1;Até 14 Horas;820,426423441568;2,61917841407348e+02
2024;53;3;Ensino Fundamental;1;Até 14 Horas;1327,507163035653;3,09507274651883e+02
2024;11;4;Ensino Médio;1;Até 14 Horas;988,542933967735;3,44738659387121e+02
2024;12;4;Ensino Médio;1;Até 14 Horas;751,064487031875;2,39354772886509e+02
2024;13;4;Ensino Médio;1;Até 14 Horas;339,335042043239;6,38660134409249e+01
2024;14;4;Ensino Médio;1;Até 14 Horas;930,788488485647;2,29052261700324e+02
2024;15;4;Ensino Médio;1;Até 14 Horas;1183,737306658650;4,40994268012873e+02
2024;16;4;Ensino Médio;1;Até 14 Horas;735,931005440931;3,63775017700842e+02
2024;17;4;Ensino Médio;1;Até 14 Horas;1237,037429182887;3,51998038467434e+02
2024;21;4;Ensino Médio;1;Até 14 Horas;736,617486432863;1,80864677890005e+02
2024;22;4;Ensino Médio;1;Até 14 Horas;780,072043579374;1,69984864326985e+02
2024;23;4;Ensino Médio;1;Até 14 Horas;521,195349801375;1,03315084098172e+02
2024;24;4;Ensino Médio;1;Até 14 Horas;1210,591843564727;4,79856495096454e+02
2024;25;4;Ensino Médio;1;Até 14 Horas;606,346671728051;1,25743889645668e+02
2024;26;4;Ensino Médio;1;Até 14 Horas;534,402398815228;1,01520514219753e+02
2024;27;4;Ensino Médio;1;Até 14 Horas;383,473688987121;6,36042636936457e+01
2024;28;4;Ensino Médio;1;Até 14 Horas;725,896069807962;9,85494186225429e+01
2024;29;4;Ensino Médio;1;Até 14 Horas;468,545669253649;6,50918014800490e+01
2024;31;4;Ensino Médio;1;Até 14 Horas;1119,385286748511;1,23540280237286e+02
2024;32;4;Ensino Médio;1;Até 14 Horas;1523,686055126743;5,87327552308609e+02
2024;33;4;Ensino Médio;1;Até 14 Horas;755,242293463176;9,42885940904424e+01
2024;35;4;Ensino Médio;1;Até 14 Horas;1146,485987473515;1,13022231972813e+02
2024;41;4;Ensino Médio;1;Até 14 Horas;2164,807435588707;8,94773176021525e+02
2024;42;4;Ensino Médio;1;Até 14 Horas;1336,045102312512;1,86041395130001e+02
2024;43;4;Ensino Médio;1;Até 14 Horas;1464,648725135930;1,65287019476534e+02
2024;50;4;Ensino Médio;1;Até 14 Horas;1439,555269289488;2,85195228188339e+02
2024;51;4;Ensino Médio;1;Até 14 Horas;1565,111350761107;3,89545882516305e+02
2024;52;4;Ensino Médio;1;Até 14 Horas;1161,362597413634;2,27471802902262e+02
2024;53;4;Ensino Médio;1;Até 14 Horas;2055,812410309712;8,89787411215466e+02
2024;11;5;Ensino Médio;1;Até 14 Horas;4672,282773167956;1,82987675089321e+03
2024;12;5;Ensino Médio;1;Até 14 Horas;1406,951109589564;2,76191742141188e+02
2024;13;5;Ensino Médio;1;Até 14 Horas;874,375242275182;1,09656961718600e+02
2024;14;5;Ensino Médio;1;Até 14 Horas;1274,896317211344;2,13063235260230e+02
2024;15;5;Ensino Médio;1;Até 14 Horas;1054,678559054922;9,16174982558109e+01
2024;16;5;Ensino Médio;1;Até 14 Horas;774,331057740174;3,04642405757775e+02
2024;17;5;Ensino Médio;1;Até 14 Horas;1252,415916055577;1,65515786424727e+02
2024;21;5;Ensino Médio;1;Até 14 Horas;1036,016352149584;8,74021796787065e+01
2024;22;5;Ensino Médio;1;Até 14 Horas;909,801281608193;9,52284788680537e+01
2024;23;5;Ensino Médio;1;Até 14 Horas;957,775739276971;9,90652985680682e+01
2024;24;5;Ensino Médio;1;Até 14 Horas;1375,751383590157;3,06013454416773e+02
2024;25;5;Ensino Médio;1;Até 14 Horas;910,501222775284;1,12368278279685e+02
2024;26;5;Ensino Médio;1;Até 14 Horas;840,226066316260;7,86307375760231e+01
2024;27;5;Ensino Médio;1;Até 14 Horas;1207,558029550966;1,57687297864332e+02
2024;28;5;Ensino Médio;1;Até 14 Horas;1211,375270435430;1,98790202769770e+02
2024;29;5;Ensino Médio;1;Até 14 Horas;1111,439060768151;8,63600628793497e+01
2024;31;5;Ensino Médio;1;Até 14 Horas;1455,233137607420;9,44623407428313e+01
2024;32;5;Ensino Médio;1;Até 14 Horas;1974,069906915744;1,68495810407782e+02
2024;33;5;Ensino Médio;1;Até 14 Horas;1576,437210344171;1,43907549833735e+02
2024;35;5;Ensino Médio;1;Até 14 Horas;1942,018040306139;1,11748725922062e+02
2024;41;5;Ensino Médio;1;Até 14 Horas;2212,058992938806;1,79485221481256e+02
2024;42;5;Ensino Médio;1;Até 14 Horas;2301,676310456046;1,74029714402364e+02
2024;43;5;Ensino Médio;1;Até 14 Horas;1970,217732467461;1,10511744538326e+02
2024;50;5;Ensino Médio;1;Até 14 Horas;1448,887298682347;1,14991732583190e+02
2024;51;5;Ensino Médio;1;Até 14 Horas;1759,004769151787;1,57206752413038e+02
2024;52;5;Ensino Médio;1;Até 14 Horas;1755,519044497791;1,78836201345909e+02
2024;53;5;Ensino Médio;1;Até 14 Horas;3428,777214798866;9,50340280555064e+02
2024;11;6;Ensino Superior;1;Até 14 Horas;1468,297953380526;2,01940344892801e+01
2024;12;6;Ensino Superior;1;Até 14 Horas;796,731101621848;5,70877868531846e+02
2024;13;6;Ensino Superior;1;Até 14 Horas;1301,480615923393;3,45547793860975e+02
2024;14;6;Ensino Superior;1;Até 14 Horas;1495,075146692287;8,46539031002504e+02
2024;15;6;Ensino Superior;1;Até 14 Horas;1266,907418478870;3,42656590021691e+02
2024;17;6;Ensino Superior;1;Até 14 Horas;3474,284210445318;1,94804661784252e+03
2024;21;6;Ensino Superior;1;Até 14 Horas;1230,268183748302;2,24629628736255e+02
2024;22;6;Ensino Superior;1;Até 14 Horas;1509,200208573369;3,97423735781418e+02
2024;23;6;Ensino Superior;1;Até 14 Horas;1066,795090641803;2,21415543859270e+02
2024;24;6;Ensino Superior;1;Até 14 Horas;1815,454658861561;3,14009280849375e+02
2024;25;6;Ensino Superior;1;Até 14 Horas;1097,456722207641;3,84988297762226e+02
2024;26;6;Ensino Superior;1;Até 14 Horas;2477,180576450609;7,97149059563269e+02
2024;27;6;Ensino Superior;1;Até 14 Horas;1350,057507138072;3,07118981110252e+02
2024;28;6;Ensino Superior;1;Até 14 Horas;708,309153772852;2,19013943241336e+02
2024;29;6;Ensino Superior;1;Até 14 Horas;1633,461618480397;4,49639698051307e+02
2024;31;6;Ensino Superior;1;Até 14 Horas;2304,333606825193;4,19486870531237e+02
2024;32;6;Ensino Superior;1;Até 14 Horas;1499,003566519068;2,97000282662198e+02
2024;33;6;Ensino Superior;1;Até 14 Horas;1522,196807646305;2,50795647930168e+02
2024;35;6;Ensino Superior;1;Até 14 Horas;3721,299421753957;1,00974815612336e+03
2024;41;6;Ensino Superior;1;Até 14 Horas;2968,317830601969;6,31747843319141e+02
2024;42;6;Ensino Superior;1;Até 14 Horas;1400,025511300008;2,41836616937859e+02
2024;43;6;Ensino Superior;1;Até 14 Horas;2701,411799011372;3,31227008135610e+02
2024;50;6;Ensino Superior;1;Até 14 Horas;2257,813656149136;5,62413677397169e+02
2024;51;6;Ensino Superior;1;Até 14 Horas;1807,149214332375;5,21230197266423e+02
2024;52;6;Ensino Superior;1;Até 14 Horas;2660,176003193729;4,36730962437596e+02
2024;53;6;Ensino Superior;1;Até 14 Horas;4252,816223825474;1,53492588523619e+03
2024;11;7;Ensino Superior;1;Até 14 Horas;3783,303117057785;9,00330527128498e+02
2024;12;7;Ensino Superior;1;Até 14 Horas;3686,882197891837;5,48321820736310e+02
2024;13;7;Ensino Superior;1;Até 14 Horas;2797,345537562721;6,18007894446276e+02
2024;14;7;Ensino Superior;1;Até 14 Horas;4331,573743850875;8,81733359553576e+02
2024;15;7;Ensino Superior;1;Até 14 Horas;4229,146392216942;6,14494068400104e+02
2024;16;7;Ensino Superior;1;Até 14 Horas;5331,340487712005;1,75671525757468e+03
2024;17;7;Ensino Superior;1;Até 14 Horas;4784,090854002385;7,66616818034118e+02
2024;21;7;Ensino Superior;1;Até 14 Horas;2785,589178461196;3,84890249186653e+02
2024;22;7;Ensino Superior;1;Até 14 Horas;4061,771725582279;9,93912537033937e+02
2024;23;7;Ensino Superior;1;Até 14 Horas;3052,477561356020;3,95804022207482e+02
2024;24;7;Ensino Superior;1;Até 14 Horas;5423,503510015977;1,24205460443952e+03
2024;25;7;Ensino Superior;1;Até 14 Horas;4229,654779029017;7,59630909206112e+02
2024;26;7;Ensino Superior;1;Até 14 Horas;4251,431074764605;6,23441220060826e+02
2024;27;7;Ensino Superior;1;Até 14 Horas;4201,020087407140;1,43203608756845e+03
2024;28;7;Ensino Superior;1;Até 14 Horas;3940,892023808486;7,45932678191114e+02
2024;29;7;Ensino Superior;1;Até 14 Horas;3369,499316517481;4,13244885291789e+02
2024;31;7;Ensino Superior;1;Até 14 Horas;4875,968295108040;4,74748269967319e+02
2024;32;7;Ensino Superior;1;Até 14 Horas;4957,855083227430;7,46020687155605e+02
2024;33;7;Ensino Superior;1;Até 14 Horas;5046,766064432868;3,98738382400227e+02
2024;35;7;Ensino Superior;1;Até 14 Horas;5252,524458036821;4,39727924609347e+02
2024;41;7;Ensino Superior;1;Até 14 Horas;4343,091042105071;4,40971469982943e+02
2024;42;7;Ensino Superior;1;Até 14 Horas;5320,263264899718;6,32182645209513e+02
2024;43;7;Ensino Superior;1;Até 14 Horas;4427,768998706440;3,12484728806372e+02
2024;50;7;Ensino Superior;1;Até 14 Horas;4196,863852196018;5,63289676691945e+02
2024;51;7;Ensino Superior;1;Até 14 Horas;4292,617364626548;5,82370218500296e+02
2024;52;7;Ensino Superior;1;Até 14 Horas;4564,294942595439;6,45606163349737e+02
2024;53;7;Ensino Superior;1;Até 14 Horas;9283,845441142928;1,24512003062118e+03
2024;11;1;Sem Instrução Formal;2;15 até 39 Horas;1653,623821965345;1,82317160911879e+02
2024;12;1;Sem Instrução Formal;2;15 até 39 Horas;1440,601571623702;3,84067520226315e+02
2024;13;1;Sem Instrução Formal;2;15 até 39 Horas;964,504676166690;1,32876311294606e+02
2024;14;1;Sem Instrução Formal;2;15 até 39 Horas;1953,412666549446;8,56382482312180e+02
2024;15;1;Sem Instrução Formal;2;15 até 39 Horas;897,672146850120;1,07008629438917e+02
2024;16;1;Sem Instrução Formal;2;15 até 39 Horas;1218,445792636486;6,18823261597147e+02
2024;17;1;Sem Instrução Formal;2;15 até 39 Horas;928,880162025017;2,19493825352639e+02
2024;21;1;Sem Instrução Formal;2;15 até 39 Horas;583,942211742203;4,75176248679483e+01
2024;22;1;Sem Instrução Formal;2;15 até 39 Horas;561,659626485640;7,45594832164092e+01
2024;23;1;Sem Instrução Formal;2;15 até 39 Horas;568,387047250166;4,86866104824224e+01
2024;24;1;Sem Instrução Formal;2;15 até 39 Horas;912,748242413752;1,46071050358737e+02
2024;25;1;Sem Instrução Formal;2;15 até 39 Horas;713,196699576791;7,22379477666722e+01
2024;26;1;Sem Instrução Formal;2;15 até 39 Horas;688,004296145582;6,25146335522694e+01
2024;27;1;Sem Instrução Formal;2;15 até 39 Horas;819,154616782603;5,06758058431852e+01
2024;28;1;Sem Instrução Formal;2;15 até 39 Horas;758,110988457256;8,54511187132815e+01
2024;29;1;Sem Instrução Formal;2;15 até 39 Horas;687,103130223499;5,64038221625461e+01
2024;31;1;Sem Instrução Formal;2;15 até 39 Horas;1601,982659319944;3,86696081981705e+02
2024;32;1;Sem Instrução Formal;2;15 até 39 Horas;1060,963026980881;1,78330059759833e+02
2024;33;1;Sem Instrução Formal;2;15 até 39 Horas;1474,469182705517;2,53439893165031e+02
2024;35;1;Sem Instrução Formal;2;15 até 39 Horas;1771,877973328099;2,25719378033961e+02
2024;41;1;Sem Instrução Formal;2;15 até 39 Horas;1212,858739726194;1,16102529201953e+02
2024;42;1;Sem Instrução Formal;2;15 até 39 Horas;1885,882156131324;4,63768972378711e+02
2024;43;1;Sem Instrução Formal;2;15 até 39 Horas;1099,300311873999;1,74668329073430e+02
2024;50;1;Sem Instrução Formal;2;15 até 39 Horas;1010,328871617608;1,00285886601563e+02
2024;51;1;Sem Instrução Formal;2;15 até 39 Horas;1496,148055801583;3,30874457234304e+02
2024;52;1;Sem Instrução Formal;2;15 até 39 Horas;1141,323428824061;2,48824639737121e+02
2024;53;1;Sem Instrução Formal;2;15 até 39 Horas;1302,347151302427;2,65244377798389e+02
2024;11;2;Ensino Fundamental;2;15 até 39 Horas;1815,115043376155;1,65616155495301e+02
2024;12;2;Ensino Fundamental;2;15 até 39 Horas;1003,074223833947;6,33337353728611e+01
2024;13;2;Ensino Fundamental;2;15 até 39 Horas;869,632936638131;4,57024673640327e+01
2024;14;2;Ensino Fundamental;2;15 até 39 Horas;1871,235009679687;5,96863655555573e+02
2024;15;2;Ensino Fundamental;2;15 até 39 Horas;1040,118848930385;4,73659417455817e+01
2024;16;2;Ensino Fundamental;2;15 até 39 Horas;1046,842390697138;8,96227138165063e+01
2024;17;2;Ensino Fundamental;2;15 até 39 Horas;1152,767720888731;1,53750306038387e+02
2024;21;2;Ensino Fundamental;2;15 até 39 Horas;769,959347364556;3,73376667900669e+01
2024;22;2;Ensino Fundamental;2;15 até 39 Horas;908,685552258712;8,80183691782145e+01
2024;23;2;Ensino Fundamental;2;15 até 39 Horas;738,309200880661;4,00423035624841e+01
2024;24;2;Ensino Fundamental;2;15 até 39 Horas;837,277764285591;5,84357077900094e+01
2024;25;2;Ensino Fundamental;2;15 até 39 Horas;781,873440561834;3,82500762774207e+01
2024;26;2;Ensino Fundamental;2;15 até 39 Horas;859,334130721272;4,65192932376078e+01
2024;27;2;Ensino Fundamental;2;15 até 39 Horas;1065,628626162021;1,21141540494259e+02
2024;28;2;Ensino Fundamental;2;15 até 39 Horas;890,898411929078;4,54973767746090e+01
2024;29;2;Ensino Fundamental;2;15 até 39 Horas;949,901261126301;7,00499894604677e+01
2024;31;2;Ensino Fundamental;2;15 até 39 Horas;1375,926204430108;4,66513617706777e+01
2024;32;2;Ensino Fundamental;2;15 até 39 Horas;1407,870159614293;1,02783210202421e+02
2024;33;2;Ensino Fundamental;2;15 até 39 Horas;1271,787185618787;5,57175455418651e+01
2024;35;2;Ensino Fundamental;2;15 até 39 Horas;1523,122495531377;6,26739831872811e+01
2024;41;2;Ensino Fundamental;2;15 até 39 Horas;1557,634652202484;1,43539284051629e+02
2024;42;2;Ensino Fundamental;2;15 até 39 Horas;1735,155741344658;1,73254421226369e+02
2024;43;2;Ensino Fundamental;2;15 até 39 Horas;1513,610301648435;8,71165292352670e+01
2024;50;2;Ensino Fundamental;2;15 até 39 Horas;1326,975863587757;9,47751565463197e+01
2024;51;2;Ensino Fundamental;2;15 até 39 Horas;1862,854991125137;1,74580307295190e+02
2024;52;2;Ensino Fundamental;2;15 até 39 Horas;1505,822931160505;1,00270664770677e+02
2024;53;2;Ensino Fundamental;2;15 até 39 Horas;1368,961428777008;7,47912615039869e+01
2024;11;3;Ensino Fundamental;2;15 até 39 Horas;1478,475161146447;1,58150176249497e+02
2024;12;3;Ensino Fundamental;2;15 até 39 Horas;1116,502044364139;1,38633318507906e+02
2024;13;3;Ensino Fundamental;2;15 até 39 Horas;898,547832640283;9,57958457399937e+01
2024;14;3;Ensino Fundamental;2;15 até 39 Horas;1141,167404521121;1,11625922447145e+02
2024;15;3;Ensino Fundamental;2;15 até 39 Horas;1151,000481690930;1,08824700357738e+02
2024;16;3;Ensino Fundamental;2;15 até 39 Horas;1198,041421642101;1,16429272716309e+02
2024;17;3;Ensino Fundamental;2;15 até 39 Horas;1193,807024909711;1,57035215039576e+02
2024;21;3;Ensino Fundamental;2;15 até 39 Horas;843,756587008041;4,64394694472342e+01
2024;22;3;Ensino Fundamental;2;15 até 39 Horas;1129,331831955818;1,64625229919680e+02
2024;23;3;Ensino Fundamental;2;15 até 39 Horas;774,070943700733;7,51083825725112e+01
2024;24;3;Ensino Fundamental;2;15 até 39 Horas;873,384131603557;1,22822849978859e+02
2024;25;3;Ensino Fundamental;2;15 até 39 Horas;823,425474156215;1,29833471631635e+02
2024;26;3;Ensino Fundamental;2;15 até 39 Horas;856,202170364641;7,54139511508879e+01
2024;27;3;Ensino Fundamental;2;15 até 39 Horas;1032,070774705803;6,92337807337790e+01
2024;28;3;Ensino Fundamental;2;15 até 39 Horas;998,957200058360;9,96324229573725e+01
2024;29;3;Ensino Fundamental;2;15 até 39 Horas;1746,817672765707;4,77505391741596e+02
2024;31;3;Ensino Fundamental;2;15 até 39 Horas;1444,300111623375;8,27091187455585e+01
2024;32;3;Ensino Fundamental;2;15 até 39 Horas;1551,773324119416;1,77959949845692e+02
2024;33;3;Ensino Fundamental;2;15 até 39 Horas;1469,586976014239;8,97265829034951e+01
2024;35;3;Ensino Fundamental;2;15 até 39 Horas;1763,514838537558;1,61876335478915e+02
2024;41;3;Ensino Fundamental;2;15 até 39 Horas;1629,962304935446;1,35384376053446e+02
2024;42;3;Ensino Fundamental;2;15 até 39 Horas;1541,417531627533;7,37756194485992e+01
2024;43;3;Ensino Fundamental;2;15 até 39 Horas;1690,073474613976;1,23253647871944e+02
2024;50;3;Ensino Fundamental;2;15 até 39 Horas;1315,042800958191;1,29773610334902e+02
2024;51;3;Ensino Fundamental;2;15 até 39 Horas;1551,909413461660;1,64355533736277e+02
2024;52;3;Ensino Fundamental;2;15 até 39 Horas;1771,634152987265;2,40029984084944e+02
2024;53;3;Ensino Fundamental;2;15 até 39 Horas;1274,239870441873;1,18013202292072e+02
2024;11;4;Ensino Médio;2;15 até 39 Horas;1272,325461413008;1,52235588834994e+02
2024;12;4;Ensino Médio;2;15 até 39 Horas;1063,958076978352;1,29721624958260e+02
2024;13;4;Ensino Médio;2;15 até 39 Horas;851,697845429784;5,65650933578291e+01
2024;14;4;Ensino Médio;2;15 até 39 Horas;1240,026680515359;3,25522109881479e+02
2024;15;4;Ensino Médio;2;15 até 39 Horas;913,932235050172;6,31185538066401e+01
2024;16;4;Ensino Médio;2;15 até 39 Horas;1352,236890627778;3,41162240631894e+02
2024;17;4;Ensino Médio;2;15 até 39 Horas;1208,187597642129;2,29534527720495e+02
2024;21;4;Ensino Médio;2;15 até 39 Horas;757,050932073796;5,96433184921170e+01
2024;22;4;Ensino Médio;2;15 até 39 Horas;868,114274358784;1,25302480057019e+02
2024;23;4;Ensino Médio;2;15 até 39 Horas;748,185967824038;5,75156180087126e+01
2024;24;4;Ensino Médio;2;15 até 39 Horas;1126,816669162429;1,30270872243194e+02
2024;25;4;Ensino Médio;2;15 até 39 Horas;1100,039855372754;1,84321073167263e+02
2024;26;4;Ensino Médio;2;15 até 39 Horas;1063,232930259023;9,02524317038034e+01
2024;27;4;Ensino Médio;2;15 até 39 Horas;991,909926658646;8,70770357995539e+01
2024;28;4;Ensino Médio;2;15 até 39 Horas;705,511940368985;6,53023188066867e+01
2024;29;4;Ensino Médio;2;15 até 39 Horas;1003,320392879791;1,94533373967407e+02
2024;31;4;Ensino Médio;2;15 até 39 Horas;1394,668059154627;7,01795470193543e+01
2024;32;4;Ensino Médio;2;15 até 39 Horas;1181,076357836130;8,14771825794793e+01
2024;33;4;Ensino Médio;2;15 até 39 Horas;1160,759238544276;9,06517813397383e+01
2024;35;4;Ensino Médio;2;15 até 39 Horas;1408,763096796993;8,95829269884418e+01
2024;41;4;Ensino Médio;2;15 até 39 Horas;1541,731163191623;1,54304938410041e+02
2024;42;4;Ensino Médio;2;15 até 39 Horas;1412,672652058934;9,47041985549969e+01
2024;43;4;Ensino Médio;2;15 até 39 Horas;1494,355054749846;1,45053662893878e+02
2024;50;4;Ensino Médio;2;15 até 39 Horas;1359,655613962356;8,73297885984288e+01
2024;51;4;Ensino Médio;2;15 até 39 Horas;1484,524321920311;1,93147538803377e+02
2024;52;4;Ensino Médio;2;15 até 39 Horas;1168,193381431193;9,14278715462898e+01
2024;53;4;Ensino Médio;2;15 até 39 Horas;1340,789304113850;1,19154488157881e+02
2024;11;5;Ensino Médio;2;15 até 39 Horas;2380,309611596418;1,92160200614866e+02
2024;12;5;Ensino Médio;2;15 até 39 Horas;1567,929831607709;1,12756411599311e+02
2024;13;5;Ensino Médio;2;15 até 39 Horas;1403,704736992361;8,81728188725269e+01
2024;14;5;Ensino Médio;2;15 até 39 Horas;1690,507175297109;1,32758701800914e+02
2024;15;5;Ensino Médio;2;15 até 39 Horas;1470,532336951560;7,20270967869905e+01
2024;16;5;Ensino Médio;2;15 até 39 Horas;2427,195541200862;4,21637718533900e+02
2024;17;5;Ensino Médio;2;15 até 39 Horas;1816,604767394583;1,92551558008336e+02
2024;21;5;Ensino Médio;2;15 até 39 Horas;1302,128752954058;5,76233735201645e+01
2024;22;5;Ensino Médio;2;15 até 39 Horas;1567,053332226781;2,47550065800892e+02
2024;23;5;Ensino Médio;2;15 até 39 Horas;1151,267423761421;4,99827092729631e+01
2024;24;5;Ensino Médio;2;15 até 39 Horas;1683,974553174609;2,18482924690080e+02
2024;25;5;Ensino Médio;2;15 até 39 Horas;1337,967806220631;7,82098457520079e+01
2024;26;5;Ensino Médio;2;15 até 39 Horas;1500,893785959814;1,03981032993220e+02
2024;27;5;Ensino Médio;2;15 até 39 Horas;1451,334927964597;8,60412974932303e+01
2024;28;5;Ensino Médio;2;15 até 39 Horas;1511,600936555052;1,00681674855561e+02
2024;29;5;Ensino Médio;2;15 até 39 Horas;1334,857984327650;6,38709379949265e+01
2024;31;5;Ensino Médio;2;15 até 39 Horas;2015,124270299645;8,80888726491892e+01
2024;32;5;Ensino Médio;2;15 até 39 Horas;1763,729160197201;9,68297228510093e+01
2024;33;5;Ensino Médio;2;15 até 39 Horas;1915,055391415148;9,08811036594264e+01
2024;35;5;Ensino Médio;2;15 até 39 Horas;2384,062707900874;1,10324103146116e+02
2024;41;5;Ensino Médio;2;15 até 39 Horas;2300,447392668652;1,07948502342655e+02
2024;42;5;Ensino Médio;2;15 até 39 Horas;2840,799355319111;3,93537371413544e+02
2024;43;5;Ensino Médio;2;15 até 39 Horas;2298,257092789145;1,03432878922613e+02
2024;50;5;Ensino Médio;2;15 até 39 Horas;2115,114980952009;2,14281418790139e+02
2024;51;5;Ensino Médio;2;15 até 39 Horas;2447,813424564393;2,22313727718203e+02
2024;52;5;Ensino Médio;2;15 até 39 Horas;2055,067386825055;1,01911783675531e+02
2024;53;5;Ensino Médio;2;15 até 39 Horas;2115,039577510819;1,34221210526704e+02
2024;11;6;Ensino Superior;2;15 até 39 Horas;1713,199019639665;2,54041316030494e+02
2024;12;6;Ensino Superior;2;15 até 39 Horas;2045,121280873851;3,08639380749464e+02
2024;13;6;Ensino Superior;2;15 até 39 Horas;1619,004880743890;1,46371607892051e+02
2024;14;6;Ensino Superior;2;15 até 39 Horas;1950,948565786858;2,58070082760775e+02
2024;15;6;Ensino Superior;2;15 até 39 Horas;1965,305992968869;3,71167620391355e+02
2024;16;6;Ensino Superior;2;15 até 39 Horas;2059,503488137325;5,04734227694905e+02
2024;17;6;Ensino Superior;2;15 até 39 Horas;1418,540188522891;1,51422936106380e+02
2024;21;6;Ensino Superior;2;15 até 39 Horas;1639,165903047733;2,17080764272825e+02
2024;22;6;Ensino Superior;2;15 até 39 Horas;2120,161877535661;5,43404012023785e+02
2024;23;6;Ensino Superior;2;15 até 39 Horas;2013,081316935448;3,39357765801006e+02
2024;24;6;Ensino Superior;2;15 até 39 Horas;1905,896263011224;3,06214635407461e+02
2024;25;6;Ensino Superior;2;15 até 39 Horas;1692,613886693647;2,54093950312922e+02
2024;26;6;Ensino Superior;2;15 até 39 Horas;1165,349049791796;9,49091879055365e+01
2024;27;6;Ensino Superior;2;15 até 39 Horas;1519,117287999424;1,59508688644823e+02
2024;28;6;Ensino Superior;2;15 até 39 Horas;2122,700658228463;3,59237279500092e+02
2024;29;6;Ensino Superior;2;15 até 39 Horas;1834,598183081269;2,71922547062932e+02
2024;31;6;Ensino Superior;2;15 até 39 Horas;1899,373130622388;1,33296092801000e+02
2024;32;6;Ensino Superior;2;15 até 39 Horas;1623,008522076953;1,42334405072794e+02
2024;33;6;Ensino Superior;2;15 até 39 Horas;2074,532878075830;1,43975797944175e+02
2024;35;6;Ensino Superior;2;15 até 39 Horas;2216,081052314112;1,22898399033057e+02
2024;41;6;Ensino Superior;2;15 até 39 Horas;2119,555713390462;2,70631086226082e+02
2024;42;6;Ensino Superior;2;15 até 39 Horas;2868,592836114128;5,29076968658423e+02
2024;43;6;Ensino Superior;2;15 até 39 Horas;2390,491849817311;1,82902790323597e+02
2024;50;6;Ensino Superior;2;15 até 39 Horas;1877,063837125374;1,74781732255478e+02
2024;51;6;Ensino Superior;2;15 até 39 Horas;2161,576363467108;2,98993708631149e+02
2024;52;6;Ensino Superior;2;15 até 39 Horas;2748,187554531673;3,36254671239363e+02
2024;53;6;Ensino Superior;2;15 até 39 Horas;2353,070980274046;3,72082203394298e+02
2024;11;7;Ensino Superior;2;15 até 39 Horas;4903,692794371274;3,69179929280675e+02
2024;12;7;Ensino Superior;2;15 até 39 Horas;3861,262893973084;2,63321210777864e+02
2024;13;7;Ensino Superior;2;15 até 39 Horas;3931,836267590859;7,19190467941959e+02
2024;14;7;Ensino Superior;2;15 até 39 Horas;4511,024005337904;4,98042967537775e+02
2024;15;7;Ensino Superior;2;15 até 39 Horas;4521,116768295077;7,26721835487082e+02
2024;16;7;Ensino Superior;2;15 até 39 Horas;3840,927822542321;3,14510369139036e+02
2024;17;7;Ensino Superior;2;15 até 39 Horas;4922,514185723426;5,72355749503910e+02
2024;21;7;Ensino Superior;2;15 até 39 Horas;3285,224152773623;2,66393505465924e+02
2024;22;7;Ensino Superior;2;15 até 39 Horas;4091,110344776662;4,53389305359764e+02
2024;23;7;Ensino Superior;2;15 até 39 Horas;4313,602378751248;6,34314987507182e+02
2024;24;7;Ensino Superior;2;15 até 39 Horas;4360,439284455657;4,07901994988893e+02
2024;25;7;Ensino Superior;2;15 até 39 Horas;4108,395670609255;4,04173928922138e+02
2024;26;7;Ensino Superior;2;15 até 39 Horas;4492,405464316866;4,35715083334864e+02
2024;27;7;Ensino Superior;2;15 até 39 Horas;5320,101499048313;1,58760353266245e+03
2024;28;7;Ensino Superior;2;15 até 39 Horas;4733,345945479656;6,09984153556217e+02
2024;29;7;Ensino Superior;2;15 até 39 Horas;3392,268085392148;2,85059994624020e+02
2024;31;7;Ensino Superior;2;15 até 39 Horas;4470,387306487564;2,45182913075605e+02
2024;32;7;Ensino Superior;2;15 até 39 Horas;5270,272185008414;3,27494190451020e+02
2024;33;7;Ensino Superior;2;15 até 39 Horas;4805,295834484722;2,16922111429069e+02
2024;35;7;Ensino Superior;2;15 até 39 Horas;5701,826659082132;2,90017640540066e+02
2024;41;7;Ensino Superior;2;15 até 39 Horas;6677,980349148395;1,22551944235355e+03
2024;42;7;Ensino Superior;2;15 até 39 Horas;4870,975091710539;2,38883519001962e+02
2024;43;7;Ensino Superior;2;15 até 39 Horas;6391,966660821434;5,82694690945810e+02
2024;50;7;Ensino Superior;2;15 até 39 Horas;5145,437995024760;5,48372982084505e+02
2024;51;7;Ensino Superior;2;15 até 39 Horas;5426,349571501242;6,35465316223979e+02
2024;52;7;Ensino Superior;2;15 até 39 Horas;4552,941090349117;3,23439985093134e+02
2024;53;7;Ensino Superior;2;15 até 39 Horas;8010,598411441340;6,84573867498995e+02
2024;11;1;Sem Instrução Formal;3;40 até 44 Horas;2142,929235732060;2,11368400381346e+02
2024;12;1;Sem Instrução Formal;3;40 até 44 Horas;1326,735564498522;9,98653401668099e+01
2024;13;1;Sem Instrução Formal;3;40 até 44 Horas;1668,860022588261;3,59691456009770e+02
2024;14;1;Sem Instrução Formal;3;40 até 44 Horas;1547,152149909620;1,92993553124514e+02
2024;15;1;Sem Instrução Formal;3;40 até 44 Horas;1391,889841637265;1,39674950972644e+02
2024;16;1;Sem Instrução Formal;3;40 até 44 Horas;1681,065219382814;1,98130514461946e+02
2024;17;1;Sem Instrução Formal;3;40 até 44 Horas;2215,324923138476;5,29649009211702e+02
2024;21;1;Sem Instrução Formal;3;40 até 44 Horas;1144,894514888893;1,30290552302397e+02
2024;22;1;Sem Instrução Formal;3;40 até 44 Horas;1101,691537621534;2,03081284053316e+02
2024;23;1;Sem Instrução Formal;3;40 até 44 Horas;1248,769989625514;8,02268262740832e+01
2024;24;1;Sem Instrução Formal;3;40 até 44 Horas;1099,536512004880;1,07863377943329e+02
2024;25;1;Sem Instrução Formal;3;40 até 44 Horas;1032,475893279885;8,41857813021035e+01
2024;26;1;Sem Instrução Formal;3;40 até 44 Horas;1197,134369167384;1,06485950734481e+02
2024;27;1;Sem Instrução Formal;3;40 até 44 Horas;1323,893101076252;7,83638779742520e+01
2024;28;1;Sem Instrução Formal;3;40 até 44 Horas;1679,470812497834;3,28506430943986e+02
2024;29;1;Sem Instrução Formal;3;40 até 44 Horas;1324,052361434184;1,08962609718914e+02
2024;31;1;Sem Instrução Formal;3;40 até 44 Horas;2080,351982585117;1,61895262972791e+02
2024;32;1;Sem Instrução Formal;3;40 até 44 Horas;2000,796212607893;2,14555275381929e+02
2024;33;1;Sem Instrução Formal;3;40 até 44 Horas;2392,941108224758;3,06135305967041e+02
2024;35;1;Sem Instrução Formal;3;40 até 44 Horas;2581,117868905061;2,04355816558971e+02
2024;41;1;Sem Instrução Formal;3;40 até 44 Horas;2743,551067076323;2,35115864336461e+02
2024;42;1;Sem Instrução Formal;3;40 até 44 Horas;2585,770756496740;1,09572417917438e+02
2024;43;1;Sem Instrução Formal;3;40 até 44 Horas;2383,705189571420;3,89465789359654e+02
2024;50;1;Sem Instrução Formal;3;40 até 44 Horas;2236,235832445032;3,58285694705027e+02
2024;51;1;Sem Instrução Formal;3;40 até 44 Horas;2968,442098098590;4,06925303018330e+02
2024;52;1;Sem Instrução Formal;3;40 até 44 Horas;1944,850118419039;1,07776578477320e+02
2024;53;1;Sem Instrução Formal;3;40 até 44 Horas;2059,680937796325;2,87679510584805e+02
2024;11;2;Ensino Fundamental;3;40 até 44 Horas;2618,158023302282;2,64241105333080e+02
2024;12;2;Ensino Fundamental;3;40 até 44 Horas;1613,989334789758;7,69874446093220e+01
2024;13;2;Ensino Fundamental;3;40 até 44 Horas;1379,138363461540;5,80463761850671e+01
2024;14;2;Ensino Fundamental;3;40 até 44 Horas;1590,716002924940;7,99811777309172e+01
2024;15;2;Ensino Fundamental;3;40 até 44 Horas;1488,529562585981;6,41455558293682e+01
2024;16;2;Ensino Fundamental;3;40 até 44 Horas;1682,360569435936;1,45676436197287e+02
2024;17;2;Ensino Fundamental;3;40 até 44 Horas;2027,015032233522;1,60644461999700e+02
2024;21;2;Ensino Fundamental;3;40 até 44 Horas;1605,225848018887;2,63744409591348e+02
2024;22;2;Ensino Fundamental;3;40 até 44 Horas;1357,327051349169;6,22381715366901e+01
2024;23;2;Ensino Fundamental;3;40 até 44 Horas;1257,257246040011;3,15457121919707e+01
2024;24;2;Ensino Fundamental;3;40 até 44 Horas;1427,572715404403;8,76990596058986e+01
2024;25;2;Ensino Fundamental;3;40 até 44 Horas;1305,549889702417;4,12476230357174e+01
2024;26;2;Ensino Fundamental;3;40 até 44 Horas;1368,179072272428;4,98785601720965e+01
2024;27;2;Ensino Fundamental;3;40 até 44 Horas;1506,698053775800;6,01854793441289e+01
2024;28;2;Ensino Fundamental;3;40 até 44 Horas;1609,365969408666;1,18855855513761e+02
2024;29;2;Ensino Fundamental;3;40 até 44 Horas;1398,908312245743;4,19466457310437e+01
2024;31;2;Ensino Fundamental;3;40 até 44 Horas;2040,732761964085;4,43235123242824e+01
2024;32;2;Ensino Fundamental;3;40 até 44 Horas;1918,160045592184;4,98996274233226e+01
2024;33;2;Ensino Fundamental;3;40 até 44 Horas;1828,373308169862;5,68297548014805e+01
2024;35;2;Ensino Fundamental;3;40 até 44 Horas;2218,416872342504;6,55591300407905e+01
2024;41;2;Ensino Fundamental;3;40 até 44 Horas;2254,254179674547;5,46417463488616e+01
2024;42;2;Ensino Fundamental;3;40 até 44 Horas;2510,330681574383;5,72545455487414e+01
2024;43;2;Ensino Fundamental;3;40 até 44 Horas;2136,524440499752;6,24454639252402e+01
2024;50;2;Ensino Fundamental;3;40 até 44 Horas;2353,418471104904;8,19865329081492e+01
2024;51;2;Ensino Fundamental;3;40 até 44 Horas;2643,373387119545;1,21530611453654e+02
2024;52;2;Ensino Fundamental;3;40 até 44 Horas;2451,262819695030;2,18780694157439e+02
2024;53;2;Ensino Fundamental;3;40 até 44 Horas;2059,514660423694;1,15112351831095e+02
2024;11;3;Ensino Fundamental;3;40 até 44 Horas;2223,145797394885;2,46032043684179e+02
2024;12;3;Ensino Fundamental;3;40 até 44 Horas;1800,239820395476;1,07152640223099e+02
2024;13;3;Ensino Fundamental;3;40 até 44 Horas;1676,563874205078;8,46541574794431e+01
2024;14;3;Ensino Fundamental;3;40 até 44 Horas;2025,409914209512;2,19411123180401e+02
2024;15;3;Ensino Fundamental;3;40 até 44 Horas;1952,443680604593;1,41331605900465e+02
2024;16;3;Ensino Fundamental;3;40 até 44 Horas;2020,685097855388;2,50535703921645e+02
2024;17;3;Ensino Fundamental;3;40 até 44 Horas;1970,106982955671;1,44380278897459e+02
2024;21;3;Ensino Fundamental;3;40 até 44 Horas;1672,702290132144;2,33538815988962e+02
2024;22;3;Ensino Fundamental;3;40 até 44 Horas;1872,008971060092;2,57483566612944e+02
2024;23;3;Ensino Fundamental;3;40 até 44 Horas;1650,755142834124;1,22371185410639e+02
2024;24;3;Ensino Fundamental;3;40 até 44 Horas;1487,329041217921;7,71772742805559e+01
2024;25;3;Ensino Fundamental;3;40 até 44 Horas;1484,875383021342;8,27380860910779e+01
2024;26;3;Ensino Fundamental;3;40 até 44 Horas;1581,319304743073;8,80853833952288e+01
2024;27;3;Ensino Fundamental;3;40 até 44 Horas;1570,960106638148;6,99109155455253e+01
2024;28;3;Ensino Fundamental;3;40 até 44 Horas;1791,950657455688;2,34743802784840e+02
2024;29;3;Ensino Fundamental;3;40 até 44 Horas;1875,797786188472;1,70800815277136e+02
2024;31;3;Ensino Fundamental;3;40 até 44 Horas;2068,183055794496;7,25113005702892e+01
2024;32;3;Ensino Fundamental;3;40 até 44 Horas;2367,705779972363;1,72684224882368e+02
2024;33;3;Ensino Fundamental;3;40 até 44 Horas;1990,566253141249;7,50820694874754e+01
2024;35;3;Ensino Fundamental;3;40 até 44 Horas;2343,119250008190;8,76766841295929e+01
2024;41;3;Ensino Fundamental;3;40 até 44 Horas;2450,347067611372;9,03682426237462e+01
2024;42;3;Ensino Fundamental;3;40 até 44 Horas;2622,048063414278;6,71450555382085e+01
2024;43;3;Ensino Fundamental;3;40 até 44 Horas;2544,332011599757;1,72423462878664e+02
2024;50;3;Ensino Fundamental;3;40 até 44 Horas;2190,317908447153;1,06557172262506e+02
2024;51;3;Ensino Fundamental;3;40 até 44 Horas;2833,850516684965;1,91031947897099e+02
2024;52;3;Ensino Fundamental;3;40 até 44 Horas;2658,457111385627;2,06851424182635e+02
2024;53;3;Ensino Fundamental;3;40 até 44 Horas;2118,092018334214;1,21504555743848e+02
2024;11;4;Ensino Médio;3;40 até 44 Horas;2686,213506300692;3,62875671432587e+02
2024;12;4;Ensino Médio;3;40 até 44 Horas;1695,234446411976;7,00974518889149e+01
2024;13;4;Ensino Médio;3;40 até 44 Horas;1453,634014912636;9,26257719772131e+01
2024;14;4;Ensino Médio;3;40 até 44 Horas;1660,382663072811;1,41633475241127e+02
2024;15;4;Ensino Médio;3;40 até 44 Horas;1624,380437630035;1,24922669213903e+02
2024;16;4;Ensino Médio;3;40 até 44 Horas;1943,513644654797;2,31282863988559e+02
2024;17;4;Ensino Médio;3;40 até 44 Horas;1766,768745321607;9,84786064163681e+01
2024;21;4;Ensino Médio;3;40 até 44 Horas;1523,974079688589;1,05751168193142e+02
2024;22;4;Ensino Médio;3;40 até 44 Horas;1579,314661514577;1,38940339433231e+02
2024;23;4;Ensino Médio;3;40 até 44 Horas;1554,149111031869;8,88631732191050e+01
2024;24;4;Ensino Médio;3;40 até 44 Horas;1428,771018950075;6,66769778610706e+01
2024;25;4;Ensino Médio;3;40 até 44 Horas;1369,113879670165;7,53104308420496e+01
2024;26;4;Ensino Médio;3;40 até 44 Horas;1492,233971213667;9,17917466070151e+01
2024;27;4;Ensino Médio;3;40 até 44 Horas;1839,151973968853;1,73357754209436e+02
2024;28;4;Ensino Médio;3;40 até 44 Horas;2002,614428432536;2,77630175641078e+02
2024;29;4;Ensino Médio;3;40 até 44 Horas;1503,687341958591;1,27335876991694e+02
2024;31;4;Ensino Médio;3;40 até 44 Horas;2017,595514688494;6,04760893828579e+01
2024;32;4;Ensino Médio;3;40 até 44 Horas;2507,292022945574;2,76746427340575e+02
2024;33;4;Ensino Médio;3;40 até 44 Horas;1747,874362230437;5,39053890681083e+01
2024;35;4;Ensino Médio;3;40 até 44 Horas;2221,401137700066;7,77765042625530e+01
2024;41;4;Ensino Médio;3;40 até 44 Horas;2624,171059705191;1,44931443611671e+02
2024;42;4;Ensino Médio;3;40 até 44 Horas;2420,302395715490;7,21540158810050e+01
2024;43;4;Ensino Médio;3;40 até 44 Horas;2399,002515538575;1,59683898619866e+02
2024;50;4;Ensino Médio;3;40 até 44 Horas;2288,384038878791;1,21472731810232e+02
2024;51;4;Ensino Médio;3;40 até 44 Horas;2494,216973664298;1,36896069470290e+02
2024;52;4;Ensino Médio;3;40 até 44 Horas;2235,762090763435;1,61472792875863e+02
2024;53;4;Ensino Médio;3;40 até 44 Horas;2074,744597822776;1,44221647195287e+02
2024;11;5;Ensino Médio;3;40 até 44 Horas;2401,530356280459;8,25848467141037e+01
2024;12;5;Ensino Médio;3;40 até 44 Horas;2098,915275263424;8,62018764307405e+01
2024;13;5;Ensino Médio;3;40 até 44 Horas;1975,359200981890;5,35086702840835e+01
2024;14;5;Ensino Médio;3;40 até 44 Horas;2063,913693736516;1,44628248363316e+02
2024;15;5;Ensino Médio;3;40 até 44 Horas;2133,902253595012;1,30767720767190e+02
2024;16;5;Ensino Médio;3;40 até 44 Horas;2195,036021366634;1,01172088910211e+02
2024;17;5;Ensino Médio;3;40 até 44 Horas;2253,532652196550;1,04458711790088e+02
2024;21;5;Ensino Médio;3;40 até 44 Horas;2141,521732702167;2,19713449720602e+02
2024;22;5;Ensino Médio;3;40 até 44 Horas;1878,024308592791;1,44031551524843e+02
2024;23;5;Ensino Médio;3;40 até 44 Horas;1854,530113105377;4,96162959966971e+01
2024;24;5;Ensino Médio;3;40 até 44 Horas;2084,950759793755;1,81787600650977e+02
2024;25;5;Ensino Médio;3;40 até 44 Horas;1845,466837141655;6,73965323464941e+01
2024;26;5;Ensino Médio;3;40 até 44 Horas;1886,596747375011;7,42596572440710e+01
2024;27;5;Ensino Médio;3;40 até 44 Horas;1826,506644313294;5,54852438527128e+01
2024;28;5;Ensino Médio;3;40 até 44 Horas;2037,054345911245;1,60968593874198e+02
2024;29;5;Ensino Médio;3;40 até 44 Horas;1997,633879038120;1,29664117267249e+02
2024;31;5;Ensino Médio;3;40 até 44 Horas;2334,131285673704;4,28546810720764e+01
2024;32;5;Ensino Médio;3;40 até 44 Horas;2455,548478969962;7,07358915235043e+01
2024;33;5;Ensino Médio;3;40 até 44 Horas;2493,055981084702;5,56841240265074e+01
2024;35;5;Ensino Médio;3;40 até 44 Horas;2557,075360211775;3,78578966365688e+01
2024;41;5;Ensino Médio;3;40 até 44 Horas;2841,345243415955;8,06842658823515e+01
2024;42;5;Ensino Médio;3;40 até 44 Horas;2931,681957728670;4,73042867303145e+01
2024;43;5;Ensino Médio;3;40 até 44 Horas;2682,674885133184;5,90706280431701e+01
2024;50;5;Ensino Médio;3;40 até 44 Horas;2709,085010193793;9,43699361931671e+01
2024;51;5;Ensino Médio;3;40 até 44 Horas;2799,427295755439;8,53597481537393e+01
2024;52;5;Ensino Médio;3;40 até 44 Horas;2363,567552271586;5,01534139555868e+01
2024;53;5;Ensino Médio;3;40 até 44 Horas;2597,173564485850;8,65129846706853e+01
2024;11;6;Ensino Superior;3;40 até 44 Horas;2337,528299301522;1,53817261010659e+02
2024;12;6;Ensino Superior;3;40 até 44 Horas;2871,524331713176;4,13466603299654e+02
2024;13;6;Ensino Superior;3;40 até 44 Horas;2501,490999490404;2,63965276572837e+02
2024;14;6;Ensino Superior;3;40 até 44 Horas;2716,003519476541;2,94724712729392e+02
2024;15;6;Ensino Superior;3;40 até 44 Horas;2150,694489507111;1,10706601505512e+02
2024;16;6;Ensino Superior;3;40 até 44 Horas;3610,752484586566;1,15419524040026e+03
2024;17;6;Ensino Superior;3;40 até 44 Horas;2760,790525295948;2,82015000881503e+02
2024;21;6;Ensino Superior;3;40 até 44 Horas;2345,894828170067;1,77999739082015e+02
2024;22;6;Ensino Superior;3;40 até 44 Horas;1923,050652057818;2,73885305236925e+02
2024;23;6;Ensino Superior;3;40 até 44 Horas;2627,979021102894;3,02498713263531e+02
2024;24;6;Ensino Superior;3;40 até 44 Horas;1861,385363009319;1,66868938296869e+02
2024;25;6;Ensino Superior;3;40 até 44 Horas;2786,243201397526;4,52836468341666e+02
2024;26;6;Ensino Superior;3;40 até 44 Horas;2280,268169580740;1,54097257659355e+02
2024;27;6;Ensino Superior;3;40 até 44 Horas;2743,926875709039;4,56474048891101e+02
2024;28;6;Ensino Superior;3;40 até 44 Horas;1980,040418516286;1,15017070766409e+02
2024;29;6;Ensino Superior;3;40 até 44 Horas;2357,143928606419;3,75697466617418e+02
2024;31;6;Ensino Superior;3;40 até 44 Horas;2805,354918661115;1,37326256012257e+02
2024;32;6;Ensino Superior;3;40 até 44 Horas;2685,825725287437;1,94062574476819e+02
2024;33;6;Ensino Superior;3;40 até 44 Horas;3473,974320914468;2,32938194466233e+02
2024;35;6;Ensino Superior;3;40 até 44 Horas;3268,791171859909;1,55211001391949e+02
2024;41;6;Ensino Superior;3;40 até 44 Horas;2877,713142196496;1,26149039979815e+02
2024;42;6;Ensino Superior;3;40 até 44 Horas;3525,583782740657;1,98913795638432e+02
2024;43;6;Ensino Superior;3;40 até 44 Horas;3443,088302792391;1,93306134656625e+02
2024;50;6;Ensino Superior;3;40 até 44 Horas;3046,045383235092;2,71508496899953e+02
2024;51;6;Ensino Superior;3;40 até 44 Horas;2791,398790584454;1,36980963052715e+02
2024;52;6;Ensino Superior;3;40 até 44 Horas;2577,802573385858;1,52269702558272e+02
2024;53;6;Ensino Superior;3;40 até 44 Horas;3313,980273633053;2,39712183313087e+02
2024;11;7;Ensino Superior;3;40 até 44 Horas;4725,610345041054;2,92416178945827e+02
2024;12;7;Ensino Superior;3;40 até 44 Horas;4973,840024268561;3,69035012168408e+02
2024;13;7;Ensino Superior;3;40 até 44 Horas;4318,088960718698;2,13748587132267e+02
2024;14;7;Ensino Superior;3;40 até 44 Horas;5752,211816178278;5,52930915382165e+02
2024;15;7;Ensino Superior;3;40 até 44 Horas;4470,494914198774;2,22624027492385e+02
2024;16;7;Ensino Superior;3;40 até 44 Horas;4603,725124841060;2,88858173760994e+02
2024;17;7;Ensino Superior;3;40 até 44 Horas;4379,548252776985;2,25498576917776e+02
2024;21;7;Ensino Superior;3;40 até 44 Horas;4005,263105440371;2,18627819687927e+02
2024;22;7;Ensino Superior;3;40 até 44 Horas;4968,482840863800;6,74229176083890e+02
2024;23;7;Ensino Superior;3;40 até 44 Horas;4702,360655045419;2,37140327880503e+02
2024;24;7;Ensino Superior;3;40 até 44 Horas;5568,644717968279;9,49731833762702e+02
2024;25;7;Ensino Superior;3;40 até 44 Horas;5125,637031752065;3,77484572499251e+02
2024;26;7;Ensino Superior;3;40 até 44 Horas;4988,172849619254;3,92755956651433e+02
2024;27;7;Ensino Superior;3;40 até 44 Horas;4816,570809330292;5,08290350484629e+02
2024;28;7;Ensino Superior;3;40 até 44 Horas;5230,723204553988;6,27889858843938e+02
2024;29;7;Ensino Superior;3;40 até 44 Horas;4960,838418456568;3,77412729273894e+02
2024;31;7;Ensino Superior;3;40 até 44 Horas;5106,202581720238;1,73831424555751e+02
2024;32;7;Ensino Superior;3;40 até 44 Horas;5725,736141380346;2,40809990893633e+02
2024;33;7;Ensino Superior;3;40 até 44 Horas;7128,446638719030;3,11940740023869e+02
2024;35;7;Ensino Superior;3;40 até 44 Horas;6364,902166528532;2,22018207101481e+02
2024;41;7;Ensino Superior;3;40 até 44 Horas;6244,112430339575;2,36800214196451e+02
2024;42;7;Ensino Superior;3;40 até 44 Horas;5997,259020317895;1,69411858444974e+02
2024;43;7;Ensino Superior;3;40 até 44 Horas;6451,801904427006;3,40737553225101e+02
2024;50;7;Ensino Superior;3;40 até 44 Horas;5801,230612017835;3,08676290260029e+02
2024;51;7;Ensino Superior;3;40 até 44 Horas;5596,218821164476;3,37603057897865e+02
2024;52;7;Ensino Superior;3;40 até 44 Horas;5248,453644120028;2,07723161139763e+02
2024;53;7;Ensino Superior;3;40 até 44 Horas;8226,017383915749;4,27324045662571e+02
2024;11;1;Sem Instrução Formal;4;44 até 48 Horas;2021,111651855534;5,55119884511359e+02
2024;12;1;Sem Instrução Formal;4;44 até 48 Horas;1362,244635686129;2,20801684542580e+02
2024;13;1;Sem Instrução Formal;4;44 até 48 Horas;1154,404497569886;2,89018919978184e+02
2024;14;1;Sem Instrução Formal;4;44 até 48 Horas;5016,152978079044;5,04726129984519e+03
2024;15;1;Sem Instrução Formal;4;44 até 48 Horas;1609,327067442818;3,38167791522351e+02
2024;16;1;Sem Instrução Formal;4;44 até 48 Horas;1113,035332850751;9,11918571203377e+01
2024;17;1;Sem Instrução Formal;4;44 até 48 Horas;1945,664273359848;4,02600007437711e+02
2024;21;1;Sem Instrução Formal;4;44 até 48 Horas;1290,775607239072;1,92981835991767e+02
2024;22;1;Sem Instrução Formal;4;44 até 48 Horas;935,550301344296;3,12753336621163e+02
2024;23;1;Sem Instrução Formal;4;44 até 48 Horas;1163,966465676209;1,90458026310384e+02
2024;24;1;Sem Instrução Formal;4;44 até 48 Horas;1547,050853965891;1,29806109394389e+02
2024;25;1;Sem Instrução Formal;4;44 até 48 Horas;1416,375469547126;2,18585811961306e+02
2024;26;1;Sem Instrução Formal;4;44 até 48 Horas;1365,344841513234;3,87486378403078e+02
2024;27;1;Sem Instrução Formal;4;44 até 48 Horas;1518,065976398440;2,02126290745186e+02
2024;28;1;Sem Instrução Formal;4;44 até 48 Horas;3269,912685593096;1,04158582725008e+03
2024;29;1;Sem Instrução Formal;4;44 até 48 Horas;1247,054471926268;1,85177269812780e+02
2024;31;1;Sem Instrução Formal;4;44 até 48 Horas;5811,369991000278;3,37875433531437e+03
2024;32;1;Sem Instrução Formal;4;44 até 48 Horas;2188,449585343738;8,25784338263221e+02
2024;33;1;Sem Instrução Formal;4;44 até 48 Horas;2561,289624613038;5,09477417908907e+02
2024;35;1;Sem Instrução Formal;4;44 até 48 Horas;2342,589662571633;4,10857891506550e+02
2024;41;1;Sem Instrução Formal;4;44 até 48 Horas;1803,289768963625;2,01956684683899e+02
2024;42;1;Sem Instrução Formal;4;44 até 48 Horas;2491,844961858827;8,78251069914897e+02
2024;43;1;Sem Instrução Formal;4;44 até 48 Horas;1953,102485075337;4,81668665450818e+02
2024;50;1;Sem Instrução Formal;4;44 até 48 Horas;1576,108337132117;3,62221868103793e+02
2024;51;1;Sem Instrução Formal;4;44 até 48 Horas;3197,361541412579;5,39802674019500e+02
2024;52;1;Sem Instrução Formal;4;44 até 48 Horas;1667,689951178923;1,47242452609451e+02
2024;53;1;Sem Instrução Formal;4;44 até 48 Horas;2467,312484467762;3,60199367695828e+02
2024;11;2;Ensino Fundamental;4;44 até 48 Horas;2678,932385008984;5,28291010738417e+02
2024;12;2;Ensino Fundamental;4;44 até 48 Horas;2537,184576553801;4,57330862856466e+02
2024;13;2;Ensino Fundamental;4;44 até 48 Horas;1601,122688220093;1,31373168755451e+02
2024;14;2;Ensino Fundamental;4;44 até 48 Horas;2150,336387976763;3,52067562606613e+02
2024;15;2;Ensino Fundamental;4;44 até 48 Horas;1799,066035955851;1,52518592648557e+02
2024;16;2;Ensino Fundamental;4;44 até 48 Horas;1859,865328125025;2,48885050739727e+02
2024;17;2;Ensino Fundamental;4;44 até 48 Horas;3023,630392497427;5,60446308330512e+02
2024;21;2;Ensino Fundamental;4;44 até 48 Horas;1482,359574401557;2,01157149343279e+02
2024;22;2;Ensino Fundamental;4;44 até 48 Horas;1384,591014984089;9,59950784186928e+01
2024;23;2;Ensino Fundamental;4;44 até 48 Horas;1416,010793486592;9,21961247776496e+01
2024;24;2;Ensino Fundamental;4;44 até 48 Horas;1627,992450027891;1,31009968965181e+02
2024;25;2;Ensino Fundamental;4;44 até 48 Horas;1396,464824194402;9,63187425243399e+01
2024;26;2;Ensino Fundamental;4;44 até 48 Horas;1485,295667370235;1,09432605233819e+02
2024;27;2;Ensino Fundamental;4;44 até 48 Horas;1444,600868301648;4,19836601656974e+01
2024;28;2;Ensino Fundamental;4;44 até 48 Horas;1354,034023515573;1,09488115840815e+02
2024;29;2;Ensino Fundamental;4;44 até 48 Horas;1780,518488947265;2,17151850684181e+02
2024;31;2;Ensino Fundamental;4;44 até 48 Horas;2022,546140232113;9,68025500849882e+01
2024;32;2;Ensino Fundamental;4;44 até 48 Horas;2068,078504544613;1,45566861510831e+02
2024;33;2;Ensino Fundamental;4;44 até 48 Horas;1892,170696207480;7,00772532006848e+01
2024;35;2;Ensino Fundamental;4;44 até 48 Horas;2784,656636868981;5,38345368248002e+02
2024;41;2;Ensino Fundamental;4;44 até 48 Horas;2569,566273280638;1,28322405602197e+02
2024;42;2;Ensino Fundamental;4;44 até 48 Horas;2525,646144478807;1,22817299349874e+02
2024;43;2;Ensino Fundamental;4;44 até 48 Horas;2491,803522362936;2,51711000819295e+02
2024;50;2;Ensino Fundamental;4;44 até 48 Horas;2645,526417290068;1,95790794265202e+02
2024;51;2;Ensino Fundamental;4;44 até 48 Horas;2860,302913359438;2,51847861224994e+02
2024;52;2;Ensino Fundamental;4;44 até 48 Horas;2430,474215127482;1,66467195592710e+02
2024;53;2;Ensino Fundamental;4;44 até 48 Horas;1928,416164092158;1,50246703038215e+02
2024;11;3;Ensino Fundamental;4;44 até 48 Horas;3645,846385290395;1,08724247925718e+03
2024;12;3;Ensino Fundamental;4;44 até 48 Horas;1615,958005145942;1,94808171474413e+02
2024;13;3;Ensino Fundamental;4;44 até 48 Horas;1658,352822816209;2,54400257239844e+02
2024;14;3;Ensino Fundamental;4;44 até 48 Horas;1680,893843308890;2,48940368595579e+02
2024;15;3;Ensino Fundamental;4;44 até 48 Horas;1683,064192887016;1,31543966204095e+02
2024;16;3;Ensino Fundamental;4;44 até 48 Horas;1347,149756470296;1,45028209053787e+02
2024;17;3;Ensino Fundamental;4;44 até 48 Horas;2482,768714488885;6,25718835691508e+02
2024;21;3;Ensino Fundamental;4;44 até 48 Horas;1469,454044916968;1,86720402346704e+02
2024;22;3;Ensino Fundamental;4;44 até 48 Horas;1889,094960413851;3,97829480139455e+02
2024;23;3;Ensino Fundamental;4;44 até 48 Horas;1448,043555843544;1,30084981575610e+02
2024;24;3;Ensino Fundamental;4;44 até 48 Horas;2217,248405956044;4,78315108050083e+02
2024;25;3;Ensino Fundamental;4;44 até 48 Horas;1472,783466314404;1,41517523699893e+02
2024;26;3;Ensino Fundamental;4;44 até 48 Horas;1257,639996496456;1,18941286016378e+02
2024;27;3;Ensino Fundamental;4;44 até 48 Horas;1520,352094514998;1,20939066506897e+02
2024;28;3;Ensino Fundamental;4;44 até 48 Horas;1365,957717545171;1,97627074863803e+02
2024;29;3;Ensino Fundamental;4;44 até 48 Horas;1950,658925597506;3,44628453262775e+02
2024;31;3;Ensino Fundamental;4;44 até 48 Horas;1973,591874411379;1,06514073797047e+02
2024;32;3;Ensino Fundamental;4;44 até 48 Horas;1981,005928123006;1,94553969071134e+02
2024;33;3;Ensino Fundamental;4;44 até 48 Horas;1856,444767063779;1,07416648970043e+02
2024;35;3;Ensino Fundamental;4;44 até 48 Horas;2637,929474334042;1,45261085411038e+02
2024;41;3;Ensino Fundamental;4;44 até 48 Horas;2634,483564026023;2,24516065549440e+02
2024;42;3;Ensino Fundamental;4;44 até 48 Horas;2993,936202017086;4,23175634261729e+02
2024;43;3;Ensino Fundamental;4;44 até 48 Horas;2359,640211202713;2,93977598604170e+02
2024;50;3;Ensino Fundamental;4;44 até 48 Horas;2554,734736805516;1,97676255563601e+02
2024;51;3;Ensino Fundamental;4;44 até 48 Horas;2736,294400190931;3,64797938308202e+02
2024;52;3;Ensino Fundamental;4;44 até 48 Horas;2966,668848067809;3,52663552739520e+02
2024;53;3;Ensino Fundamental;4;44 até 48 Horas;2671,488214208724;6,50602150114315e+02
2024;11;4;Ensino Médio;4;44 até 48 Horas;3077,063569954420;6,76188479569705e+02
2024;12;4;Ensino Médio;4;44 até 48 Horas;1791,534386493552;3,05644391242232e+02
2024;13;4;Ensino Médio;4;44 até 48 Horas;1432,501770118475;2,48313805709947e+02
2024;14;4;Ensino Médio;4;44 até 48 Horas;1717,086340239201;1,69777638050786e+02
2024;15;4;Ensino Médio;4;44 até 48 Horas;1779,792441974234;1,98415916286569e+02
2024;16;4;Ensino Médio;4;44 até 48 Horas;1814,796352413452;2,51611894106648e+02
2024;17;4;Ensino Médio;4;44 até 48 Horas;2015,681442729228;2,13193168425461e+02
2024;21;4;Ensino Médio;4;44 até 48 Horas;1501,704669624653;1,32157963759607e+02
2024;22;4;Ensino Médio;4;44 até 48 Horas;1330,808043032707;1,97088137251859e+02
2024;23;4;Ensino Médio;4;44 até 48 Horas;1599,130131438911;2,06504788399690e+02
2024;24;4;Ensino Médio;4;44 até 48 Horas;3406,946188521484;1,72313906293697e+03
2024;25;4;Ensino Médio;4;44 até 48 Horas;2024,374519561607;5,52906406908301e+02
2024;26;4;Ensino Médio;4;44 até 48 Horas;1725,851817700964;2,99749428226336e+02
2024;27;4;Ensino Médio;4;44 até 48 Horas;1477,273527093410;9,73794962783240e+01
2024;28;4;Ensino Médio;4;44 até 48 Horas;1599,253692701959;1,70371472867679e+02
2024;29;4;Ensino Médio;4;44 até 48 Horas;1488,619081942492;1,14950644097045e+02
2024;31;4;Ensino Médio;4;44 até 48 Horas;1990,287376629896;1,01812643587522e+02
2024;32;4;Ensino Médio;4;44 até 48 Horas;2410,741780285336;5,69206692164552e+02
2024;33;4;Ensino Médio;4;44 até 48 Horas;1842,539622791918;1,04440815615495e+02
2024;35;4;Ensino Médio;4;44 até 48 Horas;2033,719967404953;1,19803528000547e+02
2024;41;4;Ensino Médio;4;44 até 48 Horas;2513,747429292075;1,74839609028813e+02
2024;42;4;Ensino Médio;4;44 até 48 Horas;2612,364669457686;2,04559562563012e+02
2024;43;4;Ensino Médio;4;44 até 48 Horas;2253,457922162675;1,84888243224199e+02
2024;50;4;Ensino Médio;4;44 até 48 Horas;2648,824070059225;2,43126136478632e+02
2024;51;4;Ensino Médio;4;44 até 48 Horas;2226,780812157721;1,36361569240518e+02
2024;52;4;Ensino Médio;4;44 até 48 Horas;2565,197705009147;2,34046128562405e+02
2024;53;4;Ensino Médio;4;44 até 48 Horas;3331,703730038377;1,26656543384903e+03
2024;11;5;Ensino Médio;4;44 até 48 Horas;2514,287871479346;2,33438858048128e+02
2024;12;5;Ensino Médio;4;44 até 48 Horas;2054,919082217352;3,15962447246443e+02
2024;13;5;Ensino Médio;4;44 até 48 Horas;2061,108883197890;1,85412704961375e+02
2024;14;5;Ensino Médio;4;44 até 48 Horas;1824,564372536311;9,42613206240697e+01
2024;15;5;Ensino Médio;4;44 até 48 Horas;1938,672943263764;1,02386542647754e+02
2024;16;5;Ensino Médio;4;44 até 48 Horas;2756,121150723733;4,16220717163649e+02
2024;17;5;Ensino Médio;4;44 até 48 Horas;2173,994640769166;1,29720763063256e+02
2024;21;5;Ensino Médio;4;44 até 48 Horas;1953,733935113118;1,27581999661497e+02
2024;22;5;Ensino Médio;4;44 até 48 Horas;2070,670837030689;1,70594842237076e+02
2024;23;5;Ensino Médio;4;44 até 48 Horas;1894,678821173839;1,56611525525671e+02
2024;24;5;Ensino Médio;4;44 até 48 Horas;2092,065821133479;1,73146746884879e+02
2024;25;5;Ensino Médio;4;44 até 48 Horas;1958,879624493291;1,16037317996624e+02
2024;26;5;Ensino Médio;4;44 até 48 Horas;1743,591824035278;6,59172736973481e+01
2024;27;5;Ensino Médio;4;44 até 48 Horas;1769,466340421826;9,58026037045498e+01
2024;28;5;Ensino Médio;4;44 até 48 Horas;1559,413994921400;8,05583964322801e+01
2024;29;5;Ensino Médio;4;44 até 48 Horas;1862,582613155044;9,65431468040885e+01
2024;31;5;Ensino Médio;4;44 até 48 Horas;2254,368076899763;7,44816454444765e+01
2024;32;5;Ensino Médio;4;44 até 48 Horas;2636,150046713572;1,96613982443124e+02
2024;33;5;Ensino Médio;4;44 até 48 Horas;2400,581307418227;6,75619348927623e+01
2024;35;5;Ensino Médio;4;44 até 48 Horas;2728,759202240352;1,03578186334658e+02
2024;41;5;Ensino Médio;4;44 até 48 Horas;2922,395044451847;2,10211335817820e+02
2024;42;5;Ensino Médio;4;44 até 48 Horas;2845,890723499818;1,20801447601008e+02
2024;43;5;Ensino Médio;4;44 até 48 Horas;2803,031031424181;1,10153880610340e+02
2024;50;5;Ensino Médio;4;44 até 48 Horas;2766,729944707498;1,44980133536926e+02
2024;51;5;Ensino Médio;4;44 até 48 Horas;3216,869688717501;2,01838981726648e+02
2024;52;5;Ensino Médio;4;44 até 48 Horas;2643,740102352730;1,62124639334989e+02
2024;53;5;Ensino Médio;4;44 até 48 Horas;2272,229656383221;1,54751154961093e+02
2024;11;6;Ensino Superior;4;44 até 48 Horas;3401,241572932841;1,13521388801950e+03
2024;12;6;Ensino Superior;4;44 até 48 Horas;2401,395300954062;4,99320530468042e+02
2024;13;6;Ensino Superior;4;44 até 48 Horas;2484,164730035216;3,77376814407012e+02
2024;14;6;Ensino Superior;4;44 até 48 Horas;3081,931074228061;1,14011560863648e+03
2024;15;6;Ensino Superior;4;44 até 48 Horas;2837,683458927009;4,01950347849478e+02
2024;16;6;Ensino Superior;4;44 até 48 Horas;1774,584624120025;1,26589640023827e+02
2024;17;6;Ensino Superior;4;44 até 48 Horas;2092,861831369496;2,44752198833630e+02
2024;21;6;Ensino Superior;4;44 até 48 Horas;2605,176921034062;4,76343184949506e+02
2024;22;6;Ensino Superior;4;44 até 48 Horas;1631,208188284722;1,08078061568748e+02
2024;23;6;Ensino Superior;4;44 até 48 Horas;4960,748182017976;1,16598456869969e+03
2024;24;6;Ensino Superior;4;44 até 48 Horas;2258,841611365757;7,53191742560507e+02
2024;25;6;Ensino Superior;4;44 até 48 Horas;1659,255287537074;1,94743852200928e+02
2024;26;6;Ensino Superior;4;44 até 48 Horas;2992,949459254043;8,49302223845844e+02
2024;27;6;Ensino Superior;4;44 até 48 Horas;2392,128906823016;4,38379444761270e+02
2024;28;6;Ensino Superior;4;44 até 48 Horas;3114,688941874991;8,08462973454350e+02
2024;29;6;Ensino Superior;4;44 até 48 Horas;1800,451823361454;1,93993969607720e+02
2024;31;6;Ensino Superior;4;44 até 48 Horas;3105,005058771782;3,45380466618640e+02
2024;32;6;Ensino Superior;4;44 até 48 Horas;3735,052907459930;5,42566006629262e+02
2024;33;6;Ensino Superior;4;44 até 48 Horas;3145,322211053811;3,55411687346663e+02
2024;35;6;Ensino Superior;4;44 até 48 Horas;3067,632810671430;2,95834495092254e+02
2024;41;6;Ensino Superior;4;44 até 48 Horas;4560,008348202898;1,10432010188993e+03
2024;42;6;Ensino Superior;4;44 até 48 Horas;3136,825930379572;4,31720515011300e+02
2024;43;6;Ensino Superior;4;44 até 48 Horas;3118,516555793638;3,31514642207689e+02
2024;50;6;Ensino Superior;4;44 até 48 Horas;3327,725498865684;3,70812783506177e+02
2024;51;6;Ensino Superior;4;44 até 48 Horas;3072,720436974977;4,94899785597942e+02
2024;52;6;Ensino Superior;4;44 até 48 Horas;2759,050960578767;3,58140017600415e+02
2024;53;6;Ensino Superior;4;44 até 48 Horas;2897,668357285829;3,46886892867828e+02
2024;11;7;Ensino Superior;4;44 até 48 Horas;4807,795176984041;1,36664972450577e+03
2024;12;7;Ensino Superior;4;44 até 48 Horas;4602,794323462460;5,29273516157184e+02
2024;13;7;Ensino Superior;4;44 até 48 Horas;5013,091873432142;7,37079236236800e+02
2024;14;7;Ensino Superior;4;44 até 48 Horas;6276,560642728167;3,38191091490114e+03
2024;15;7;Ensino Superior;4;44 até 48 Horas;4783,807828282644;6,38545037230029e+02
2024;16;7;Ensino Superior;4;44 até 48 Horas;5073,498014280668;1,06990052678205e+03
2024;17;7;Ensino Superior;4;44 até 48 Horas;4497,509091856717;6,12596054584025e+02
2024;21;7;Ensino Superior;4;44 até 48 Horas;4087,236593751355;8,32749240738796e+02
2024;22;7;Ensino Superior;4;44 até 48 Horas;4894,395034901368;1,15419388619211e+03
2024;23;7;Ensino Superior;4;44 até 48 Horas;3467,410350446755;3,23450400740400e+02
2024;24;7;Ensino Superior;4;44 até 48 Horas;5110,244623520131;6,64039792861637e+02
2024;25;7;Ensino Superior;4;44 até 48 Horas;5083,537800217908;8,76055084214284e+02
2024;26;7;Ensino Superior;4;44 até 48 Horas;6529,130071980874;8,10406734047766e+02
2024;27;7;Ensino Superior;4;44 até 48 Horas;5889,570933218281;1,07416238827900e+03
2024;28;7;Ensino Superior;4;44 até 48 Horas;5477,133459550597;1,02473485462845e+03
2024;29;7;Ensino Superior;4;44 até 48 Horas;5405,786817766144;1,61805022036702e+03
2024;31;7;Ensino Superior;4;44 até 48 Horas;5567,245959304821;4,92077073413199e+02
2024;32;7;Ensino Superior;4;44 até 48 Horas;4754,420763074172;4,38307457771317e+02
2024;33;7;Ensino Superior;4;44 até 48 Horas;7323,451203131930;7,40833739150541e+02
2024;35;7;Ensino Superior;4;44 até 48 Horas;6750,557410287961;5,63983458757212e+02
2024;41;7;Ensino Superior;4;44 até 48 Horas;5233,823171405264;4,22939430804058e+02
2024;42;7;Ensino Superior;4;44 até 48 Horas;5621,729551595733;5,31480048060826e+02
2024;43;7;Ensino Superior;4;44 até 48 Horas;6606,274391826765;5,97030601461291e+02
2024;50;7;Ensino Superior;4;44 até 48 Horas;5453,938190941747;6,87896429806620e+02
2024;51;7;Ensino Superior;4;44 até 48 Horas;4896,577515953488;4,25812059443793e+02
2024;52;7;Ensino Superior;4;44 até 48 Horas;6957,315340058335;9,65492117784577e+02
2024;53;7;Ensino Superior;4;44 até 48 Horas;8726,350083224259;8,39071506615480e+02
2024;11;1;Sem Instrução Formal;5;49 Horas +;2649,801275857216;1,48438653355251e+03
2024;12;1;Sem Instrução Formal;5;49 Horas +;1622,834584442214;9,07377706837714e+01
2024;13;1;Sem Instrução Formal;5;49 Horas +;906,676602358000;2,29191184833292e+02
2024;14;1;Sem Instrução Formal;5;49 Horas +;966,954508059783;1,45156326012906e+02
2024;15;1;Sem Instrução Formal;5;49 Horas +;1092,775407477171;1,10632064959032e+02
2024;16;1;Sem Instrução Formal;5;49 Horas +;1496,634746374724;3,49571302621101e+02
2024;17;1;Sem Instrução Formal;5;49 Horas +;1137,290238814569;3,90079553240142e+02
2024;21;1;Sem Instrução Formal;5;49 Horas +;1164,708436100928;1,89746556699808e+02
2024;22;1;Sem Instrução Formal;5;49 Horas +;1646,091503649412;3,08517322472734e+02
2024;23;1;Sem Instrução Formal;5;49 Horas +;1736,704518354780;2,57551069395541e+02
2024;24;1;Sem Instrução Formal;5;49 Horas +;1526,162792425421;1,88438047152749e+02
2024;25;1;Sem Instrução Formal;5;49 Horas +;1167,998563605769;3,99553734542782e+02
2024;26;1;Sem Instrução Formal;5;49 Horas +;1765,306910199565;6,60731351771798e+02
2024;27;1;Sem Instrução Formal;5;49 Horas +;1019,295528306950;1,30771096545869e+02
2024;28;1;Sem Instrução Formal;5;49 Horas +;902,342655132590;1,07878944483095e+02
2024;29;1;Sem Instrução Formal;5;49 Horas +;1671,993464755926;1,90774619636368e+02
2024;31;1;Sem Instrução Formal;5;49 Horas +;2615,572567987765;6,83536413797883e+02
2024;32;1;Sem Instrução Formal;5;49 Horas +;2300,666278149988;4,32978881850110e+02
2024;33;1;Sem Instrução Formal;5;49 Horas +;1798,141291337424;3,50823738734996e+02
2024;35;1;Sem Instrução Formal;5;49 Horas +;3173,264032601873;7,53152670407997e+02
2024;41;1;Sem Instrução Formal;5;49 Horas +;1693,415829645137;4,57432155788011e+02
2024;42;1;Sem Instrução Formal;5;49 Horas +;2801,850361611419;3,13129729992742e+02
2024;43;1;Sem Instrução Formal;5;49 Horas +;3316,537175996502;8,56261892949697e+02
2024;50;1;Sem Instrução Formal;5;49 Horas +;1348,500909336347;4,04858314749081e+02
2024;51;1;Sem Instrução Formal;5;49 Horas +;3354,740501667210;7,61667667205711e+02
2024;52;1;Sem Instrução Formal;5;49 Horas +;4223,479064242593;2,38865405395586e+03
2024;53;1;Sem Instrução Formal;5;49 Horas +;300,000000000000;0,00000000000000e+00
2024;11;2;Ensino Fundamental;5;49 Horas +;3335,525494348660;3,37704778879305e+02
2024;12;2;Ensino Fundamental;5;49 Horas +;3158,015647794356;8,91979428511935e+02
2024;13;2;Ensino Fundamental;5;49 Horas +;1509,111578360395;2,19493153618735e+02
2024;14;2;Ensino Fundamental;5;49 Horas +;2173,009524162326;3,13698386398374e+02
2024;15;2;Ensino Fundamental;5;49 Horas +;1838,290214977957;1,99302973713850e+02
2024;16;2;Ensino Fundamental;5;49 Horas +;1613,205801829647;2,55563919484324e+02
2024;17;2;Ensino Fundamental;5;49 Horas +;3444,588507318647;1,00471857102714e+03
2024;21;2;Ensino Fundamental;5;49 Horas +;1671,085439755750;2,10267727710470e+02
2024;22;2;Ensino Fundamental;5;49 Horas +;1515,183896849623;1,41903941998568e+02
2024;23;2;Ensino Fundamental;5;49 Horas +;1446,157327400030;9,88476226073214e+01
2024;24;2;Ensino Fundamental;5;49 Horas +;1540,188995904939;1,34190596622078e+02
2024;25;2;Ensino Fundamental;5;49 Horas +;1556,269416802405;1,27772709974042e+02
2024;26;2;Ensino Fundamental;5;49 Horas +;1739,499255397165;1,60516050966883e+02
2024;27;2;Ensino Fundamental;5;49 Horas +;2394,781725794893;6,91262256209401e+02
2024;28;2;Ensino Fundamental;5;49 Horas +;1572,504155209485;1,36141596330616e+02
2024;29;2;Ensino Fundamental;5;49 Horas +;1546,090204769068;1,73837167524885e+02
2024;31;2;Ensino Fundamental;5;49 Horas +;2344,211665864585;1,12368275506041e+02
2024;32;2;Ensino Fundamental;5;49 Horas +;2387,332309462955;1,72151454926975e+02
2024;33;2;Ensino Fundamental;5;49 Horas +;1968,758025515815;1,00675967501799e+02
2024;35;2;Ensino Fundamental;5;49 Horas +;3078,821028553893;5,05443649587084e+02
2024;41;2;Ensino Fundamental;5;49 Horas +;3339,411170891558;3,74654305055201e+02
2024;42;2;Ensino Fundamental;5;49 Horas +;3452,063095536913;3,43106628929163e+02
2024;43;2;Ensino Fundamental;5;49 Horas +;2940,983088942575;1,62992631162355e+02
2024;50;2;Ensino Fundamental;5;49 Horas +;3008,403261351691;2,18196163283927e+02
2024;51;2;Ensino Fundamental;5;49 Horas +;3836,802379581655;2,77511852905783e+02
2024;52;2;Ensino Fundamental;5;49 Horas +;2958,136779538422;2,79773535038112e+02
2024;53;2;Ensino Fundamental;5;49 Horas +;3541,682522303565;1,10306010667019e+03
2024;11;3;Ensino Fundamental;5;49 Horas +;6675,172627461977;3,64285060879768e+03
2024;12;3;Ensino Fundamental;5;49 Horas +;2786,719140215649;1,54677951880203e+03
2024;13;3;Ensino Fundamental;5;49 Horas +;1633,810604952985;2,93690189015986e+02
2024;14;3;Ensino Fundamental;5;49 Horas +;1677,987652126034;3,23116618914379e+02
2024;15;3;Ensino Fundamental;5;49 Horas +;2631,559524590815;4,23141782083014e+02
2024;16;3;Ensino Fundamental;5;49 Horas +;1598,914009257236;2,68160839188127e+02
2024;17;3;Ensino Fundamental;5;49 Horas +;4195,929764310918;8,68652790043639e+02
2024;21;3;Ensino Fundamental;5;49 Horas +;2359,476165750563;6,49995841757414e+02
2024;22;3;Ensino Fundamental;5;49 Horas +;3230,930360983305;1,05452985194085e+03
2024;23;3;Ensino Fundamental;5;49 Horas +;1926,244789029756;1,99772618601238e+02
2024;24;3;Ensino Fundamental;5;49 Horas +;24068,471444817143;2,53518994784641e+04
2024;25;3;Ensino Fundamental;5;49 Horas +;1028,229112144822;1,97948834793909e+02
2024;26;3;Ensino Fundamental;5;49 Horas +;2082,174394041142;2,26909208333057e+02
2024;27;3;Ensino Fundamental;5;49 Horas +;2095,420960853617;7,01037995060244e+02
2024;28;3;Ensino Fundamental;5;49 Horas +;1613,762592893252;1,87815748738621e+02
2024;29;3;Ensino Fundamental;5;49 Horas +;1638,421781469074;2,59971652260749e+02
2024;31;3;Ensino Fundamental;5;49 Horas +;2860,443305946126;3,00903710935137e+02
2024;32;3;Ensino Fundamental;5;49 Horas +;2806,203177263804;4,16723853620618e+02
2024;33;3;Ensino Fundamental;5;49 Horas +;2334,559006907636;1,73179921051560e+02
2024;35;3;Ensino Fundamental;5;49 Horas +;3150,723028156489;2,67974384760241e+02
2024;41;3;Ensino Fundamental;5;49 Horas +;3459,699481460614;3,69872001198253e+02
2024;42;3;Ensino Fundamental;5;49 Horas +;2920,641603109799;1,28305463363694e+02
2024;43;3;Ensino Fundamental;5;49 Horas +;3128,727317759296;3,37813721631834e+02
2024;50;3;Ensino Fundamental;5;49 Horas +;2733,994922079349;2,90913341167197e+02
2024;51;3;Ensino Fundamental;5;49 Horas +;4685,179638869900;8,34037359407735e+02
2024;52;3;Ensino Fundamental;5;49 Horas +;2864,904958665054;2,43005932262992e+02
2024;53;3;Ensino Fundamental;5;49 Horas +;2373,527773461452;3,56475787489257e+02
2024;11;4;Ensino Médio;5;49 Horas +;2916,611138084656;6,15983880202596e+02
2024;12;4;Ensino Médio;5;49 Horas +;1999,682978033818;4,20566108579004e+02
2024;13;4;Ensino Médio;5;49 Horas +;2141,347788088994;4,09154276439997e+02
2024;14;4;Ensino Médio;5;49 Horas +;1052,054935712079;3,31703853818150e+02
2024;15;4;Ensino Médio;5;49 Horas +;2812,005048169458;6,82418708837892e+02
2024;16;4;Ensino Médio;5;49 Horas +;2348,413753448038;5,85314827926071e+02
2024;17;4;Ensino Médio;5;49 Horas +;2108,903158226944;3,14647385977334e+02
2024;21;4;Ensino Médio;5;49 Horas +;2078,524301438626;3,87086185834416e+02
2024;22;4;Ensino Médio;5;49 Horas +;1444,916115910869;2,72262125852773e+02
2024;23;4;Ensino Médio;5;49 Horas +;1865,094261726919;2,82249481838369e+02
2024;24;4;Ensino Médio;5;49 Horas +;3340,713772211063;1,48161973786469e+03
2024;25;4;Ensino Médio;5;49 Horas +;2161,942866794381;3,07307761555502e+02
2024;26;4;Ensino Médio;5;49 Horas +;1974,260356722730;2,54211716012315e+02
2024;27;4;Ensino Médio;5;49 Horas +;1724,139225860530;2,63169532522038e+02
2024;28;4;Ensino Médio;5;49 Horas +;2318,990509423155;8,04941726256411e+02
2024;29;4;Ensino Médio;5;49 Horas +;1769,217424453135;3,43734914632096e+02
2024;31;4;Ensino Médio;5;49 Horas +;2568,563271021433;1,68680844942221e+02
2024;32;4;Ensino Médio;5;49 Horas +;2818,420902333367;3,50435110372042e+02
2024;33;4;Ensino Médio;5;49 Horas +;2355,405314257316;2,35109738900441e+02
2024;35;4;Ensino Médio;5;49 Horas +;3565,925612737780;1,05110000420354e+03
2024;41;4;Ensino Médio;5;49 Horas +;2874,935255680211;1,78954703334700e+02
2024;42;4;Ensino Médio;5;49 Horas +;2655,451612233782;2,15049019778827e+02
2024;43;4;Ensino Médio;5;49 Horas +;2825,003772399399;1,72388487351945e+02
2024;50;4;Ensino Médio;5;49 Horas +;2638,319198336461;2,86562895581776e+02
2024;51;4;Ensino Médio;5;49 Horas +;3114,579561551777;3,07411930073116e+02
2024;52;4;Ensino Médio;5;49 Horas +;3218,077651783120;2,52300891400126e+02
2024;53;4;Ensino Médio;5;49 Horas +;3610,914608798375;1,35830263530807e+03
2024;11;5;Ensino Médio;5;49 Horas +;3904,867439232175;1,27723756209368e+03
2024;12;5;Ensino Médio;5;49 Horas +;2101,431052604218;2,63573368906368e+02
2024;13;5;Ensino Médio;5;49 Horas +;2564,723407755477;2,67643673144837e+02
2024;14;5;Ensino Médio;5;49 Horas +;2409,407699388170;3,32691523776358e+02
2024;15;5;Ensino Médio;5;49 Horas +;2712,059706604060;2,59886244707417e+02
2024;16;5;Ensino Médio;5;49 Horas +;3173,175827876084;6,22686771215067e+02
2024;17;5;Ensino Médio;5;49 Horas +;2925,478501862560;3,73350038958166e+02
2024;21;5;Ensino Médio;5;49 Horas +;2449,307497365019;1,78319615616344e+02
2024;22;5;Ensino Médio;5;49 Horas +;2625,862867971851;4,09677870678608e+02
2024;23;5;Ensino Médio;5;49 Horas +;2382,926847997862;2,70515924299055e+02
2024;24;5;Ensino Médio;5;49 Horas +;2900,273453989241;6,50995153976715e+02
2024;25;5;Ensino Médio;5;49 Horas +;2401,791276340264;2,52310078471536e+02
2024;26;5;Ensino Médio;5;49 Horas +;2185,591713981457;1,83030531307614e+02
2024;27;5;Ensino Médio;5;49 Horas +;2527,836439484309;3,16641641787227e+02
2024;28;5;Ensino Médio;5;49 Horas +;2076,953345327613;2,28640882923886e+02
2024;29;5;Ensino Médio;5;49 Horas +;2328,783372312272;1,82181629243989e+02
2024;31;5;Ensino Médio;5;49 Horas +;2954,170093164705;1,20193881087172e+02
2024;32;5;Ensino Médio;5;49 Horas +;3953,628029668297;4,30909836568986e+02
2024;33;5;Ensino Médio;5;49 Horas +;3300,550400201672;2,01913558941614e+02
2024;35;5;Ensino Médio;5;49 Horas +;3369,966400067945;1,07522100697371e+02
2024;41;5;Ensino Médio;5;49 Horas +;3945,183370021837;2,15369887543530e+02
2024;42;5;Ensino Médio;5;49 Horas +;3986,770199890227;2,11409184068836e+02
2024;43;5;Ensino Médio;5;49 Horas +;3721,807273291069;2,28318319677957e+02
2024;50;5;Ensino Médio;5;49 Horas +;3834,164917104365;3,08237796688270e+02
2024;51;5;Ensino Médio;5;49 Horas +;4191,202228429502;3,88079961617804e+02
2024;52;5;Ensino Médio;5;49 Horas +;4074,312216032335;3,50137919762859e+02
2024;53;5;Ensino Médio;5;49 Horas +;4534,931631769452;6,69133097057773e+02
2024;11;6;Ensino Superior;5;49 Horas +;5588,851735060004;1,80992298564022e+03
2024;12;6;Ensino Superior;5;49 Horas +;10000,000000000000;1,28944740028298e-13
2024;13;6;Ensino Superior;5;49 Horas +;3413,630344850569;9,26119118404820e+02
2024;14;6;Ensino Superior;5;49 Horas +;2496,090013750455;3,38177984011740e+02
2024;15;6;Ensino Superior;5;49 Horas +;3507,813807235348;1,08968022913372e+03
2024;16;6;Ensino Superior;5;49 Horas +;2231,820698847160;4,12586977412646e+02
2024;17;6;Ensino Superior;5;49 Horas +;3482,470056765348;2,57689219902658e+02
2024;21;6;Ensino Superior;5;49 Horas +;9869,158833172080;6,94636343179972e+03
2024;22;6;Ensino Superior;5;49 Horas +;2783,437006009484;5,45613048835390e+02
2024;23;6;Ensino Superior;5;49 Horas +;3356,968388685167;7,55092355264042e+02
2024;24;6;Ensino Superior;5;49 Horas +;5062,056353787812;1,94788534706466e+03
2024;25;6;Ensino Superior;5;49 Horas +;3521,702745747799;7,74836123790261e+02
2024;26;6;Ensino Superior;5;49 Horas +;4992,097834676002;1,11104856238618e+03
2024;27;6;Ensino Superior;5;49 Horas +;6038,435216099589;2,97451350701452e+03
2024;28;6;Ensino Superior;5;49 Horas +;3555,196160996915;6,74562679256552e+02
2024;29;6;Ensino Superior;5;49 Horas +;2359,591794134477;3,40389227924619e+02
2024;31;6;Ensino Superior;5;49 Horas +;4865,442632493907;9,32752277902051e+02
2024;32;6;Ensino Superior;5;49 Horas +;8426,981373080409;3,08815767879875e+03
2024;33;6;Ensino Superior;5;49 Horas +;4079,229725169382;4,34687530578824e+02
2024;35;6;Ensino Superior;5;49 Horas +;5281,486486758257;1,19457254944369e+03
2024;41;6;Ensino Superior;5;49 Horas +;5138,359472098836;7,04093590356117e+02
2024;42;6;Ensino Superior;5;49 Horas +;4537,466912256797;7,28383679286922e+02
2024;43;6;Ensino Superior;5;49 Horas +;4485,171931630848;3,92875080649987e+02
2024;50;6;Ensino Superior;5;49 Horas +;3884,260398283614;7,50286452564429e+02
2024;51;6;Ensino Superior;5;49 Horas +;4577,237090886837;6,50370343349573e+02
2024;52;6;Ensino Superior;5;49 Horas +;3807,215226647585;5,57859770798203e+02
2024;53;6;Ensino Superior;5;49 Horas +;5739,808871320455;1,39679124750089e+03
2024;11;7;Ensino Superior;5;49 Horas +;8415,795088738638;2,26652790720913e+03
2024;12;7;Ensino Superior;5;49 Horas +;8277,010334032262;1,45462824777676e+03
2024;13;7;Ensino Superior;5;49 Horas +;9723,910091827973;1,77908630151052e+03
2024;14;7;Ensino Superior;5;49 Horas +;5439,507532598524;5,35548134374859e+02
2024;15;7;Ensino Superior;5;49 Horas +;7418,647091427621;8,61801338835975e+02
2024;16;7;Ensino Superior;5;49 Horas +;6610,247588768298;1,37467391884228e+03
2024;17;7;Ensino Superior;5;49 Horas +;5985,128372830146;6,81131781277908e+02
2024;21;7;Ensino Superior;5;49 Horas +;5630,046461202044;7,62951537514777e+02
2024;22;7;Ensino Superior;5;49 Horas +;5588,287492371456;1,19259878941321e+03
2024;23;7;Ensino Superior;5;49 Horas +;6532,405143856664;9,00932821436333e+02
2024;24;7;Ensino Superior;5;49 Horas +;6951,318777266247;1,27128372214030e+03
2024;25;7;Ensino Superior;5;49 Horas +;7521,705100049887;1,24979295545765e+03
2024;26;7;Ensino Superior;5;49 Horas +;7854,992567249478;1,02164845999299e+03
2024;27;7;Ensino Superior;5;49 Horas +;7134,787540638225;8,94418160732733e+02
2024;28;7;Ensino Superior;5;49 Horas +;5507,119523141843;9,27997755149519e+02
2024;29;7;Ensino Superior;5;49 Horas +;6943,970989705120;1,34583364351115e+03
2024;31;7;Ensino Superior;5;49 Horas +;6491,586705665633;4,95950390672501e+02
2024;32;7;Ensino Superior;5;49 Horas +;8465,941489817849;8,46726064131690e+02
2024;33;7;Ensino Superior;5;49 Horas +;9459,149682929869;5,69613357874321e+02
2024;35;7;Ensino Superior;5;49 Horas +;10408,805776700241;8,54375505355567e+02
2024;41;7;Ensino Superior;5;49 Horas +;9139,458317116112;7,13733989205175e+02
2024;42;7;Ensino Superior;5;49 Horas +;8628,361057560016;5,24190743706332e+02
2024;43;7;Ensino Superior;5;49 Horas +;9351,730104724938;7,24223748068347e+02
2024;50;7;Ensino Superior;5;49 Horas +;8015,752003163410;7,76310528710988e+02
2024;51;7;Ensino Superior;5;49 Horas +;7314,949258768619;5,17138010989345e+02
2024;52;7;Ensino Superior;5;49 Horas +;8932,034011305654;1,03421537749045e+03
2024;53;7;Ensino Superior;5;49 Horas +;9025,787171263104;1,38666482138991e+03
