UF;escolaridade;horas_trabalhadas;renda_bruta;se;escolaridade_adj;faixa_horas_trabalhadas;ano
11;1;1;1870,374348195704;8,43370280375014e+02;Sem Instrução Formal;Até 14 Horas;2022
12;1;1;849,346551499379;3,76942687844696e+02;Sem Instrução Formal;Até 14 Horas;2022
13;1;1;462,724585531816;2,60338690506483e+02;Sem Instrução Formal;Até 14 Horas;2022
15;1;1;647,930499849882;2,42581017178445e+02;Sem Instrução Formal;Até 14 Horas;2022
16;1;1;613,758782897337;2,88864052478246e+02;Sem Instrução Formal;Até 14 Horas;2022
17;1;1;419,558309505197;9,35907537880096e+01;Sem Instrução Formal;Até 14 Horas;2022
21;1;1;264,519430545655;4,78769553797101e+01;Sem Instrução Formal;Até 14 Horas;2022
22;1;1;241,242251778076;3,56121505865181e+01;Sem Instrução Formal;Até 14 Horas;2022
23;1;1;278,302724770856;5,02534091700531e+01;Sem Instrução Formal;Até 14 Horas;2022
24;1;1;460,414885552245;1,17998792888791e+02;Sem Instrução Formal;Até 14 Horas;2022
25;1;1;202,234526636530;2,76097890668211e+01;Sem Instrução Formal;Até 14 Horas;2022
26;1;1;352,338843530913;7,32585902834811e+01;Sem Instrução Formal;Até 14 Horas;2022
27;1;1;307,399867091868;9,24808663904205e+01;Sem Instrução Formal;Até 14 Horas;2022
28;1;1;310,992617096781;5,18987761943946e+01;Sem Instrução Formal;Até 14 Horas;2022
29;1;1;358,562571357893;9,75317178192532e+01;Sem Instrução Formal;Até 14 Horas;2022
31;1;1;655,351716029910;3,81986419765328e+02;Sem Instrução Formal;Até 14 Horas;2022
32;1;1;664,549332644517;1,71015154634391e+02;Sem Instrução Formal;Até 14 Horas;2022
33;1;1;830,940137235221;1,50611139970590e+02;Sem Instrução Formal;Até 14 Horas;2022
35;1;1;347,906408730183;1,35615575012526e+02;Sem Instrução Formal;Até 14 Horas;2022
41;1;1;1137,222487846564;4,73706449174562e+02;Sem Instrução Formal;Até 14 Horas;2022
42;1;1;378,376685615351;1,27737912572225e+02;Sem Instrução Formal;Até 14 Horas;2022
43;1;1;553,533547070437;2,07416563808541e+02;Sem Instrução Formal;Até 14 Horas;2022
50;1;1;273,204804157453;6,90653819937472e+01;Sem Instrução Formal;Até 14 Horas;2022
51;1;1;549,780919612277;2,62363473429445e+02;Sem Instrução Formal;Até 14 Horas;2022
52;1;1;398,050848790180;3,81923707033790e+02;Sem Instrução Formal;Até 14 Horas;2022
53;1;1;999,558119952162;4,35029087174666e+02;Sem Instrução Formal;Até 14 Horas;2022
11;2;1;1466,427926508245;2,80795568298939e+02;Ensino Fundamental;Até 14 Horas;2022
12;2;1;1481,635639306176;4,89323838831407e+02;Ensino Fundamental;Até 14 Horas;2022
13;2;1;597,739772546185;2,91060867902533e+02;Ensino Fundamental;Até 14 Horas;2022
14;2;1;1083,717425898528;5,76313613129881e+02;Ensino Fundamental;Até 14 Horas;2022
15;2;1;462,129467770678;5,95484150725367e+01;Ensino Fundamental;Até 14 Horas;2022
16;2;1;704,014494077464;6,01621333169070e+02;Ensino Fundamental;Até 14 Horas;2022
17;2;1;555,210705267085;9,48021966446928e+01;Ensino Fundamental;Até 14 Horas;2022
21;2;1;399,956345491984;5,40733369787529e+01;Ensino Fundamental;Até 14 Horas;2022
22;2;1;233,970496550010;2,37873755218177e+01;Ensino Fundamental;Até 14 Horas;2022
23;2;1;395,610781381911;8,37445980624819e+01;Ensino Fundamental;Até 14 Horas;2022
24;2;1;311,135173215350;3,94613856229964e+01;Ensino Fundamental;Até 14 Horas;2022
25;2;1;267,979565304679;3,07848181599843e+01;Ensino Fundamental;Até 14 Horas;2022
26;2;1;379,568658428069;4,48864933892519e+01;Ensino Fundamental;Até 14 Horas;2022
27;2;1;491,281744306484;1,46354449431027e+02;Ensino Fundamental;Até 14 Horas;2022
28;2;1;313,038687937180;3,46616508531867e+01;Ensino Fundamental;Até 14 Horas;2022
29;2;1;343,364399594009;3,13494769625728e+01;Ensino Fundamental;Até 14 Horas;2022
31;2;1;504,344036620268;4,83206378585674e+01;Ensino Fundamental;Até 14 Horas;2022
32;2;1;676,742167082339;1,75266681768303e+02;Ensino Fundamental;Até 14 Horas;2022
33;2;1;560,480918841007;7,32608050645183e+01;Ensino Fundamental;Até 14 Horas;2022
35;2;1;752,193911318492;1,14735582865944e+02;Ensino Fundamental;Até 14 Horas;2022
41;2;1;787,341951519016;1,45431891963188e+02;Ensino Fundamental;Até 14 Horas;2022
42;2;1;996,888553011379;1,67386218726882e+02;Ensino Fundamental;Até 14 Horas;2022
43;2;1;964,972733044605;2,19631736422616e+02;Ensino Fundamental;Até 14 Horas;2022
50;2;1;868,644131719197;2,27896719075875e+02;Ensino Fundamental;Até 14 Horas;2022
51;2;1;816,730611789527;1,47588967959502e+02;Ensino Fundamental;Até 14 Horas;2022
52;2;1;593,036261625465;1,03813701313267e+02;Ensino Fundamental;Até 14 Horas;2022
53;2;1;729,432426487401;2,15796234064715e+02;Ensino Fundamental;Até 14 Horas;2022
11;3;1;970,797271453518;3,77789329594983e+02;Ensino Fundamental;Até 14 Horas;2022
12;3;1;367,721124931162;7,53458604840428e+01;Ensino Fundamental;Até 14 Horas;2022
13;3;1;448,955993837378;2,66540534652226e+02;Ensino Fundamental;Até 14 Horas;2022
14;3;1;442,789429860886;1,82257962898277e+02;Ensino Fundamental;Até 14 Horas;2022
15;3;1;511,313375915830;1,21010619813927e+02;Ensino Fundamental;Até 14 Horas;2022
16;3;1;450,000000000000;1,80205752527695e-14;Ensino Fundamental;Até 14 Horas;2022
17;3;1;401,347161052281;8,18521497024921e+01;Ensino Fundamental;Até 14 Horas;2022
21;3;1;511,853453769635;2,02981393825266e+02;Ensino Fundamental;Até 14 Horas;2022
22;3;1;497,511499796898;1,42306526455308e+02;Ensino Fundamental;Até 14 Horas;2022
23;3;1;337,820513691566;6,51194164207454e+01;Ensino Fundamental;Até 14 Horas;2022
24;3;1;473,114038061308;1,04231075861425e+02;Ensino Fundamental;Até 14 Horas;2022
25;3;1;525,101514686948;9,12862784441815e+01;Ensino Fundamental;Até 14 Horas;2022
26;3;1;298,405591080979;8,59330457299874e+01;Ensino Fundamental;Até 14 Horas;2022
27;3;1;382,798884721202;8,11817785481322e+01;Ensino Fundamental;Até 14 Horas;2022
28;3;1;273,493366428570;4,38553383105279e+01;Ensino Fundamental;Até 14 Horas;2022
29;3;1;362,078188887201;7,42922933465484e+01;Ensino Fundamental;Até 14 Horas;2022
31;3;1;677,135295745358;1,33829137824801e+02;Ensino Fundamental;Até 14 Horas;2022
32;3;1;849,707808098444;2,26922137262856e+02;Ensino Fundamental;Até 14 Horas;2022
33;3;1;883,184100768820;1,40473948213082e+02;Ensino Fundamental;Até 14 Horas;2022
35;3;1;781,576674909089;2,27917566967468e+02;Ensino Fundamental;Até 14 Horas;2022
41;3;1;991,662453797138;2,69201019396345e+02;Ensino Fundamental;Até 14 Horas;2022
42;3;1;1277,127032765796;2,74509202285679e+02;Ensino Fundamental;Até 14 Horas;2022
43;3;1;1018,082532325197;3,32096735302599e+02;Ensino Fundamental;Até 14 Horas;2022
50;3;1;603,594419753847;1,40279054651774e+02;Ensino Fundamental;Até 14 Horas;2022
51;3;1;959,744268189608;1,33683335440417e+02;Ensino Fundamental;Até 14 Horas;2022
52;3;1;1191,243744843299;8,10853013646324e+02;Ensino Fundamental;Até 14 Horas;2022
53;3;1;869,187169902857;1,78806518342663e+02;Ensino Fundamental;Até 14 Horas;2022
11;4;1;244,881860794285;1,63197551395494e+02;Ensino Médio;Até 14 Horas;2022
12;4;1;798,741891271567;2,63806356318301e+02;Ensino Médio;Até 14 Horas;2022
13;4;1;563,431303895388;1,93665347271634e+02;Ensino Médio;Até 14 Horas;2022
14;4;1;300,000000000000;8,05904625176863e-15;Ensino Médio;Até 14 Horas;2022
15;4;1;282,890470226166;4,48645543932192e+01;Ensino Médio;Até 14 Horas;2022
16;4;1;329,630122680674;1,09743007252101e+02;Ensino Médio;Até 14 Horas;2022
17;4;1;639,985513026161;2,74732632027838e+02;Ensino Médio;Até 14 Horas;2022
21;4;1;236,598950023683;3,05174783811071e+01;Ensino Médio;Até 14 Horas;2022
22;4;1;441,542378838942;1,14037395614386e+02;Ensino Médio;Até 14 Horas;2022
23;4;1;414,549325504545;9,13243833141519e+01;Ensino Médio;Até 14 Horas;2022
24;4;1;360,033334596929;9,77786779953583e+01;Ensino Médio;Até 14 Horas;2022
25;4;1;566,110337362425;2,18761650222270e+02;Ensino Médio;Até 14 Horas;2022
26;4;1;491,233817371013;8,80331964295550e+01;Ensino Médio;Até 14 Horas;2022
27;4;1;432,372986845064;9,78355384215664e+01;Ensino Médio;Até 14 Horas;2022
28;4;1;378,071854455448;6,70287064959770e+01;Ensino Médio;Até 14 Horas;2022
29;4;1;444,725054630447;1,02804891043761e+02;Ensino Médio;Até 14 Horas;2022
31;4;1;380,923526335041;5,28985999217416e+01;Ensino Médio;Até 14 Horas;2022
32;4;1;466,325175236466;1,59014712409117e+02;Ensino Médio;Até 14 Horas;2022
33;4;1;780,321865601568;1,05384747320362e+02;Ensino Médio;Até 14 Horas;2022
35;4;1;950,443090444122;3,08716440491422e+02;Ensino Médio;Até 14 Horas;2022
41;4;1;637,444982675184;1,61773314839454e+02;Ensino Médio;Até 14 Horas;2022
42;4;1;1126,040719772497;2,67128875380566e+02;Ensino Médio;Até 14 Horas;2022
43;4;1;510,506764265271;1,44226658883253e+02;Ensino Médio;Até 14 Horas;2022
50;4;1;410,350631552255;1,00478266201241e+02;Ensino Médio;Até 14 Horas;2022
51;4;1;1849,374135568702;1,13936300821616e+03;Ensino Médio;Até 14 Horas;2022
52;4;1;443,041145936278;5,44054168459362e+01;Ensino Médio;Até 14 Horas;2022
53;4;1;486,519137122684;1,69229329746252e+02;Ensino Médio;Até 14 Horas;2022
11;5;1;1585,222930059237;4,50106475121254e+02;Ensino Médio;Até 14 Horas;2022
12;5;1;769,363642645299;2,10539990489528e+02;Ensino Médio;Até 14 Horas;2022
13;5;1;431,402128835018;6,67682175794958e+01;Ensino Médio;Até 14 Horas;2022
14;5;1;502,747626155747;9,60569069991586e+01;Ensino Médio;Até 14 Horas;2022
15;5;1;478,087465640435;5,90626980477651e+01;Ensino Médio;Até 14 Horas;2022
16;5;1;874,839561132342;1,11724606540438e+02;Ensino Médio;Até 14 Horas;2022
17;5;1;944,075918732482;3,13968239254297e+02;Ensino Médio;Até 14 Horas;2022
21;5;1;518,547635466554;7,10801408182208e+01;Ensino Médio;Até 14 Horas;2022
22;5;1;563,898018996732;1,37449862782281e+02;Ensino Médio;Até 14 Horas;2022
23;5;1;572,900204954763;7,60085133854642e+01;Ensino Médio;Até 14 Horas;2022
24;5;1;615,283809060389;1,01413466530398e+02;Ensino Médio;Até 14 Horas;2022
25;5;1;670,073518366858;1,61874404904971e+02;Ensino Médio;Até 14 Horas;2022
26;5;1;497,318540432093;9,08781671260048e+01;Ensino Médio;Até 14 Horas;2022
27;5;1;626,319252837178;1,18677611468272e+02;Ensino Médio;Até 14 Horas;2022
28;5;1;470,764232929436;8,34907307451928e+01;Ensino Médio;Até 14 Horas;2022
29;5;1;697,721139310757;1,14761580316996e+02;Ensino Médio;Até 14 Horas;2022
31;5;1;568,570785679484;5,60374391129105e+01;Ensino Médio;Até 14 Horas;2022
32;5;1;770,435127215425;1,04342088506115e+02;Ensino Médio;Até 14 Horas;2022
33;5;1;1210,468803126988;1,88778961303668e+02;Ensino Médio;Até 14 Horas;2022
35;5;1;1089,570340153750;1,37891303163389e+02;Ensino Médio;Até 14 Horas;2022
41;5;1;1233,854168461594;1,41410624192645e+02;Ensino Médio;Até 14 Horas;2022
42;5;1;2319,684035822495;4,59682786159878e+02;Ensino Médio;Até 14 Horas;2022
43;5;1;966,880285791379;1,18869590914611e+02;Ensino Médio;Até 14 Horas;2022
50;5;1;846,727954980205;1,24494356242866e+02;Ensino Médio;Até 14 Horas;2022
51;5;1;987,316230579664;2,04023236939267e+02;Ensino Médio;Até 14 Horas;2022
52;5;1;781,084586088291;1,35656017918914e+02;Ensino Médio;Até 14 Horas;2022
53;5;1;1201,498864780772;3,92184945693630e+02;Ensino Médio;Até 14 Horas;2022
11;6;1;1542,755342561421;4,19157350635371e+02;Ensino Superior;Até 14 Horas;2022
12;6;1;355,671049863489;1,03803772429877e+02;Ensino Superior;Até 14 Horas;2022
13;6;1;1011,480130314877;3,98596058734119e+02;Ensino Superior;Até 14 Horas;2022
15;6;1;1186,142075729016;2,95208042766360e+02;Ensino Superior;Até 14 Horas;2022
16;6;1;600,000000000000;8,05904625176863e-15;Ensino Superior;Até 14 Horas;2022
17;6;1;270,000000000000;0,00000000000000e+00;Ensino Superior;Até 14 Horas;2022
21;6;1;1264,671019146263;4,24566142977058e+02;Ensino Superior;Até 14 Horas;2022
22;6;1;851,683414354048;2,41799546945739e+02;Ensino Superior;Até 14 Horas;2022
23;6;1;624,743116341719;1,05544718060487e+02;Ensino Superior;Até 14 Horas;2022
24;6;1;2878,858597990663;2,44073339536053e+03;Ensino Superior;Até 14 Horas;2022
25;6;1;1291,082604045438;4,16101302818495e+02;Ensino Superior;Até 14 Horas;2022
26;6;1;763,616062214403;2,89696117554483e+02;Ensino Superior;Até 14 Horas;2022
27;6;1;800,992284825565;3,61881182374243e+02;Ensino Superior;Até 14 Horas;2022
28;6;1;741,514652341638;3,37919277480112e+02;Ensino Superior;Até 14 Horas;2022
29;6;1;549,975893389718;2,11551595194022e+02;Ensino Superior;Até 14 Horas;2022
31;6;1;2591,470193982112;1,46383023178619e+03;Ensino Superior;Até 14 Horas;2022
32;6;1;715,940449849150;4,60840913992069e+02;Ensino Superior;Até 14 Horas;2022
33;6;1;1002,591516853281;1,73985314879819e+02;Ensino Superior;Até 14 Horas;2022
35;6;1;2721,652173138854;9,64918696376512e+02;Ensino Superior;Até 14 Horas;2022
41;6;1;545,387502142918;1,33570671728080e+02;Ensino Superior;Até 14 Horas;2022
42;6;1;1771,182268900230;4,76670278838492e+02;Ensino Superior;Até 14 Horas;2022
43;6;1;1668,613177243979;5,89985626003376e+02;Ensino Superior;Até 14 Horas;2022
50;6;1;1048,152699886348;6,80053504933848e+02;Ensino Superior;Até 14 Horas;2022
51;6;1;1690,062483182065;1,05564145142828e+03;Ensino Superior;Até 14 Horas;2022
52;6;1;936,132207235833;2,36705896202546e+02;Ensino Superior;Até 14 Horas;2022
53;6;1;3528,841866312979;1,59242530768666e+03;Ensino Superior;Até 14 Horas;2022
11;7;1;1400,607647988171;8,39897317598596e+02;Ensino Superior;Até 14 Horas;2022
12;7;1;2149,146114639231;5,45961865753890e+02;Ensino Superior;Até 14 Horas;2022
13;7;1;2185,917916733174;5,83182569557198e+02;Ensino Superior;Até 14 Horas;2022
14;7;1;1998,242049561657;1,12875296478230e+03;Ensino Superior;Até 14 Horas;2022
15;7;1;1969,251271488027;4,52628225756036e+02;Ensino Superior;Até 14 Horas;2022
16;7;1;472,899616489459;2,08123574448699e+01;Ensino Superior;Até 14 Horas;2022
17;7;1;4732,193769406473;2,50420355957483e+03;Ensino Superior;Até 14 Horas;2022
21;7;1;2065,385096750711;5,00771758832454e+02;Ensino Superior;Até 14 Horas;2022
22;7;1;1190,836817329844;2,15647783145071e+02;Ensino Superior;Até 14 Horas;2022
23;7;1;1180,278749532052;2,09017210217999e+02;Ensino Superior;Até 14 Horas;2022
24;7;1;1180,014981653461;4,07581064904148e+02;Ensino Superior;Até 14 Horas;2022
25;7;1;1924,198635242748;4,56838833579300e+02;Ensino Superior;Até 14 Horas;2022
26;7;1;1014,427576435587;4,05858236032738e+02;Ensino Superior;Até 14 Horas;2022
27;7;1;2115,635366638905;9,91531937701776e+02;Ensino Superior;Até 14 Horas;2022
28;7;1;1126,683988737609;3,08533807357911e+02;Ensino Superior;Até 14 Horas;2022
29;7;1;2508,738529603309;7,60145428910540e+02;Ensino Superior;Até 14 Horas;2022
31;7;1;1357,779490575459;1,66482193420101e+02;Ensino Superior;Até 14 Horas;2022
32;7;1;3425,300284820227;1,13781665365699e+03;Ensino Superior;Até 14 Horas;2022
33;7;1;3481,769776997875;6,27091536525547e+02;Ensino Superior;Até 14 Horas;2022
35;7;1;2040,848995260454;2,76918153183585e+02;Ensino Superior;Até 14 Horas;2022
41;7;1;2330,327258675159;4,31170376669474e+02;Ensino Superior;Até 14 Horas;2022
42;7;1;2552,945477464281;3,50647875888637e+02;Ensino Superior;Até 14 Horas;2022
43;7;1;2247,548137859507;4,68598073462094e+02;Ensino Superior;Até 14 Horas;2022
50;7;1;1035,214204341944;2,26392771194714e+02;Ensino Superior;Até 14 Horas;2022
51;7;1;2808,003964195244;5,32348747403344e+02;Ensino Superior;Até 14 Horas;2022
52;7;1;2735,979875480546;1,14868055433248e+03;Ensino Superior;Até 14 Horas;2022
53;7;1;1640,994607556899;4,89224176004786e+02;Ensino Superior;Até 14 Horas;2022
11;1;2;2541,971322238370;9,26449308564367e+02;Sem Instrução Formal;15 até 39 Horas;2022
12;1;2;879,733514073211;8,26252968032998e+01;Sem Instrução Formal;15 até 39 Horas;2022
13;1;2;811,935946137364;1,03004788056950e+02;Sem Instrução Formal;15 até 39 Horas;2022
14;1;2;777,316543819271;2,16664994615974e+02;Sem Instrução Formal;15 até 39 Horas;2022
15;1;2;648,696982366034;8,16238276885540e+01;Sem Instrução Formal;15 até 39 Horas;2022
16;1;2;561,392278703516;5,73563934120541e+01;Sem Instrução Formal;15 até 39 Horas;2022
17;1;2;671,178683455950;8,75577466024193e+01;Sem Instrução Formal;15 até 39 Horas;2022
21;1;2;538,505605254705;4,59319637544137e+01;Sem Instrução Formal;15 até 39 Horas;2022
22;1;2;577,916770051239;4,57376093757770e+01;Sem Instrução Formal;15 até 39 Horas;2022
23;1;2;426,227487437466;3,19240549025878e+01;Sem Instrução Formal;15 até 39 Horas;2022
24;1;2;647,077845495965;9,18554883309040e+01;Sem Instrução Formal;15 até 39 Horas;2022
25;1;2;534,077760102413;5,69980385604427e+01;Sem Instrução Formal;15 até 39 Horas;2022
26;1;2;594,844069350441;8,76751942448146e+01;Sem Instrução Formal;15 até 39 Horas;2022
27;1;2;767,225449540044;8,86826522654694e+01;Sem Instrução Formal;15 até 39 Horas;2022
28;1;2;508,777351324014;4,77915336933546e+01;Sem Instrução Formal;15 até 39 Horas;2022
29;1;2;535,426014770525;6,34082914226862e+01;Sem Instrução Formal;15 até 39 Horas;2022
31;1;2;771,794305711484;6,38937500588899e+01;Sem Instrução Formal;15 até 39 Horas;2022
32;1;2;764,648847321597;1,72254435630192e+02;Sem Instrução Formal;15 até 39 Horas;2022
33;1;2;913,295725239093;9,98205633781455e+01;Sem Instrução Formal;15 até 39 Horas;2022
35;1;2;1302,358559146523;2,19614915989268e+02;Sem Instrução Formal;15 até 39 Horas;2022
41;1;2;912,010636761599;1,13692446301450e+02;Sem Instrução Formal;15 até 39 Horas;2022
42;1;2;1270,693369661174;2,88398293864370e+02;Sem Instrução Formal;15 até 39 Horas;2022
43;1;2;1029,814730514429;1,47389212778665e+02;Sem Instrução Formal;15 até 39 Horas;2022
50;1;2;968,242208981503;1,42879631382383e+02;Sem Instrução Formal;15 até 39 Horas;2022
51;1;2;1090,705396466084;1,97009992008973e+02;Sem Instrução Formal;15 até 39 Horas;2022
52;1;2;899,919751235590;2,26429002634578e+02;Sem Instrução Formal;15 até 39 Horas;2022
53;1;2;2225,162810339884;8,15711482366440e+02;Sem Instrução Formal;15 até 39 Horas;2022
11;2;2;1389,078388539116;1,07039961409485e+02;Ensino Fundamental;15 até 39 Horas;2022
12;2;2;1283,795936298898;1,71226477227708e+02;Ensino Fundamental;15 até 39 Horas;2022
13;2;2;831,920126197784;6,14886210667920e+01;Ensino Fundamental;15 até 39 Horas;2022
14;2;2;1186,104684653395;2,19516572977830e+02;Ensino Fundamental;15 até 39 Horas;2022
15;2;2;774,399277681449;4,90233759909754e+01;Ensino Fundamental;15 até 39 Horas;2022
16;2;2;1265,874268112319;3,00369390445520e+02;Ensino Fundamental;15 até 39 Horas;2022
17;2;2;880,128555855486;7,80222904205756e+01;Ensino Fundamental;15 até 39 Horas;2022
21;2;2;618,938885115935;2,94146790636186e+01;Ensino Fundamental;15 até 39 Horas;2022
22;2;2;608,747497863498;3,91305395922455e+01;Ensino Fundamental;15 até 39 Horas;2022
23;2;2;624,422940735725;2,62362293298184e+01;Ensino Fundamental;15 até 39 Horas;2022
24;2;2;695,736040124173;5,36436085636486e+01;Ensino Fundamental;15 até 39 Horas;2022
25;2;2;611,693517378402;4,01849798960618e+01;Ensino Fundamental;15 até 39 Horas;2022
26;2;2;766,117843434015;3,94092200625124e+01;Ensino Fundamental;15 até 39 Horas;2022
27;2;2;847,271501295547;4,41716288194141e+01;Ensino Fundamental;15 até 39 Horas;2022
28;2;2;664,431793894362;7,12010269504450e+01;Ensino Fundamental;15 até 39 Horas;2022
29;2;2;573,038918187356;3,02029192995001e+01;Ensino Fundamental;15 até 39 Horas;2022
31;2;2;927,883392494592;3,55190209718151e+01;Ensino Fundamental;15 até 39 Horas;2022
32;2;2;1209,690565864994;1,46906949718313e+02;Ensino Fundamental;15 até 39 Horas;2022
33;2;2;1074,063787420335;4,05293560874178e+01;Ensino Fundamental;15 até 39 Horas;2022
35;2;2;1340,535853513137;8,78190341571402e+01;Ensino Fundamental;15 até 39 Horas;2022
41;2;2;1399,654633327566;1,38176784480091e+02;Ensino Fundamental;15 até 39 Horas;2022
42;2;2;1340,246473566666;6,29055411380764e+01;Ensino Fundamental;15 até 39 Horas;2022
43;2;2;1506,312150816074;9,65433549473658e+01;Ensino Fundamental;15 até 39 Horas;2022
50;2;2;1122,772137490590;6,94869591126091e+01;Ensino Fundamental;15 até 39 Horas;2022
51;2;2;1532,637277959220;2,51108240066531e+02;Ensino Fundamental;15 até 39 Horas;2022
52;2;2;1298,853093196391;1,11117585672836e+02;Ensino Fundamental;15 até 39 Horas;2022
53;2;2;1125,082738190037;7,12339208968866e+01;Ensino Fundamental;15 até 39 Horas;2022
11;3;2;1017,625423147813;1,21375561423977e+02;Ensino Fundamental;15 até 39 Horas;2022
12;3;2;1037,169254115426;1,80355566542663e+02;Ensino Fundamental;15 até 39 Horas;2022
13;3;2;714,610960850758;6,01372612505531e+01;Ensino Fundamental;15 até 39 Horas;2022
14;3;2;1396,109244749962;3,26554421834355e+02;Ensino Fundamental;15 até 39 Horas;2022
15;3;2;836,997135946010;6,70269590402772e+01;Ensino Fundamental;15 até 39 Horas;2022
16;3;2;1034,439971746092;1,42612465950914e+02;Ensino Fundamental;15 até 39 Horas;2022
17;3;2;815,577834312070;1,12039479955885e+02;Ensino Fundamental;15 até 39 Horas;2022
21;3;2;753,213643573535;5,73118565355418e+01;Ensino Fundamental;15 até 39 Horas;2022
22;3;2;762,660263938168;2,30165801727847e+02;Ensino Fundamental;15 até 39 Horas;2022
23;3;2;884,912203264227;7,03860754058781e+01;Ensino Fundamental;15 até 39 Horas;2022
24;3;2;1601,517459462776;5,27941183707685e+02;Ensino Fundamental;15 até 39 Horas;2022
25;3;2;918,194984147915;1,01485298461187e+02;Ensino Fundamental;15 até 39 Horas;2022
26;3;2;1062,798040696306;1,61445461605010e+02;Ensino Fundamental;15 até 39 Horas;2022
27;3;2;751,470987505415;6,21104222429128e+01;Ensino Fundamental;15 até 39 Horas;2022
28;3;2;654,359196223141;6,71189669864032e+01;Ensino Fundamental;15 até 39 Horas;2022
29;3;2;759,859196752942;6,68100502875369e+01;Ensino Fundamental;15 até 39 Horas;2022
31;3;2;1150,146103333644;8,05897244228806e+01;Ensino Fundamental;15 até 39 Horas;2022
32;3;2;1335,714062110261;1,59465354134370e+02;Ensino Fundamental;15 até 39 Horas;2022
33;3;2;1229,677299811626;6,78909529172551e+01;Ensino Fundamental;15 até 39 Horas;2022
35;3;2;1270,549204660722;6,59239861255237e+01;Ensino Fundamental;15 até 39 Horas;2022
41;3;2;1737,946973932125;2,69346364859745e+02;Ensino Fundamental;15 até 39 Horas;2022
42;3;2;1582,275868455600;1,15471358040792e+02;Ensino Fundamental;15 até 39 Horas;2022
43;3;2;1455,162325826082;1,57268161780354e+02;Ensino Fundamental;15 até 39 Horas;2022
50;3;2;1079,071332496887;1,33610047748142e+02;Ensino Fundamental;15 até 39 Horas;2022
51;3;2;1059,514114015084;1,20312724510943e+02;Ensino Fundamental;15 até 39 Horas;2022
52;3;2;1064,320361790074;7,86500051070864e+01;Ensino Fundamental;15 até 39 Horas;2022
53;3;2;1507,043695308140;2,51418875419197e+02;Ensino Fundamental;15 até 39 Horas;2022
11;4;2;1255,010160563987;2,23762269105213e+02;Ensino Médio;15 até 39 Horas;2022
12;4;2;1027,245693159389;1,31190097273122e+02;Ensino Médio;15 até 39 Horas;2022
13;4;2;750,006715045628;4,84848919090316e+01;Ensino Médio;15 até 39 Horas;2022
14;4;2;650,844993188005;7,69028829668996e+01;Ensino Médio;15 até 39 Horas;2022
15;4;2;883,373897968784;9,20815709780872e+01;Ensino Médio;15 até 39 Horas;2022
16;4;2;876,074709136479;1,00367891456867e+02;Ensino Médio;15 até 39 Horas;2022
17;4;2;731,551349222366;1,14248630936054e+02;Ensino Médio;15 até 39 Horas;2022
21;4;2;792,345417840414;6,44249777984633e+01;Ensino Médio;15 até 39 Horas;2022
22;4;2;992,174240613310;2,65759887516948e+02;Ensino Médio;15 até 39 Horas;2022
23;4;2;747,841737055191;5,86939739374095e+01;Ensino Médio;15 até 39 Horas;2022
24;4;2;825,929294214998;1,57205631663717e+02;Ensino Médio;15 até 39 Horas;2022
25;4;2;777,345649871991;8,38793874959446e+01;Ensino Médio;15 até 39 Horas;2022
26;4;2;762,731873508627;1,37526757274639e+02;Ensino Médio;15 até 39 Horas;2022
27;4;2;863,469975772722;5,79868732537487e+01;Ensino Médio;15 até 39 Horas;2022
28;4;2;723,095364620686;6,48415024979122e+01;Ensino Médio;15 até 39 Horas;2022
29;4;2;683,476559108345;5,38170030756351e+01;Ensino Médio;15 até 39 Horas;2022
31;4;2;963,459782242526;6,37123859414226e+01;Ensino Médio;15 até 39 Horas;2022
32;4;2;902,357580772212;8,27811140665304e+01;Ensino Médio;15 até 39 Horas;2022
33;4;2;1063,258905319606;5,36442781186117e+01;Ensino Médio;15 até 39 Horas;2022
35;4;2;1381,676195812776;9,48706444612719e+01;Ensino Médio;15 até 39 Horas;2022
41;4;2;1164,087197047118;1,52654732753318e+02;Ensino Médio;15 até 39 Horas;2022
42;4;2;1174,859073119474;7,05227432285043e+01;Ensino Médio;15 até 39 Horas;2022
43;4;2;1171,707831835102;1,20202525266786e+02;Ensino Médio;15 até 39 Horas;2022
50;4;2;1052,699245394938;1,39914459452758e+02;Ensino Médio;15 até 39 Horas;2022
51;4;2;1138,140621880707;8,69532191705344e+01;Ensino Médio;15 até 39 Horas;2022
52;4;2;1038,680135400369;8,01442218721126e+01;Ensino Médio;15 até 39 Horas;2022
53;4;2;1003,095170201702;9,89723566662662e+01;Ensino Médio;15 até 39 Horas;2022
11;5;2;2304,114547063603;5,58998728704549e+02;Ensino Médio;15 até 39 Horas;2022
12;5;2;1428,717515342544;8,29100483868066e+01;Ensino Médio;15 até 39 Horas;2022
13;5;2;1279,010627656120;1,16061614034773e+02;Ensino Médio;15 até 39 Horas;2022
14;5;2;1385,306390204498;1,14152784762913e+02;Ensino Médio;15 até 39 Horas;2022
15;5;2;1350,649513585357;8,50252831549217e+01;Ensino Médio;15 até 39 Horas;2022
16;5;2;1541,560118464060;1,50432249351439e+02;Ensino Médio;15 até 39 Horas;2022
17;5;2;1379,232968874552;1,09625349466467e+02;Ensino Médio;15 até 39 Horas;2022
21;5;2;1245,853728723729;9,94924362741704e+01;Ensino Médio;15 até 39 Horas;2022
22;5;2;1059,763749805238;5,32297935439897e+01;Ensino Médio;15 até 39 Horas;2022
23;5;2;988,354300312915;4,87211894756609e+01;Ensino Médio;15 até 39 Horas;2022
24;5;2;1126,014322520052;8,56935610597269e+01;Ensino Médio;15 até 39 Horas;2022
25;5;2;1099,946208308111;8,97329788576137e+01;Ensino Médio;15 até 39 Horas;2022
26;5;2;1210,607940124037;9,81035615590112e+01;Ensino Médio;15 até 39 Horas;2022
27;5;2;1263,424930575531;9,19442790524802e+01;Ensino Médio;15 até 39 Horas;2022
28;5;2;1271,879307941984;1,08413545648477e+02;Ensino Médio;15 até 39 Horas;2022
29;5;2;1060,627241835212;5,77892564471658e+01;Ensino Médio;15 até 39 Horas;2022
31;5;2;1516,918869672699;7,16023361851527e+01;Ensino Médio;15 até 39 Horas;2022
32;5;2;1513,559487686866;1,01921318254848e+02;Ensino Médio;15 até 39 Horas;2022
33;5;2;1693,265806189093;6,01818140361950e+01;Ensino Médio;15 até 39 Horas;2022
35;5;2;1696,998116624530;6,13181519649929e+01;Ensino Médio;15 até 39 Horas;2022
41;5;2;1950,323544131408;2,05450516526842e+02;Ensino Médio;15 até 39 Horas;2022
42;5;2;2133,782395132856;1,46297487790905e+02;Ensino Médio;15 até 39 Horas;2022
43;5;2;2107,838920550044;1,77040883065329e+02;Ensino Médio;15 até 39 Horas;2022
50;5;2;1860,399077474270;1,49376571380661e+02;Ensino Médio;15 até 39 Horas;2022
51;5;2;1842,302541329552;1,02177070790144e+02;Ensino Médio;15 até 39 Horas;2022
52;5;2;1710,993072044033;1,32074099438173e+02;Ensino Médio;15 até 39 Horas;2022
53;5;2;1946,377858830788;2,32646161209287e+02;Ensino Médio;15 até 39 Horas;2022
11;6;2;1551,290161856445;5,91307273522531e+02;Ensino Superior;15 até 39 Horas;2022
12;6;2;1531,036953465524;1,63700277067497e+02;Ensino Superior;15 até 39 Horas;2022
13;6;2;1549,577712623197;1,67974013906051e+02;Ensino Superior;15 até 39 Horas;2022
14;6;2;2169,309370737329;3,62827495427496e+02;Ensino Superior;15 até 39 Horas;2022
15;6;2;1402,126805515901;1,67164151086465e+02;Ensino Superior;15 até 39 Horas;2022
16;6;2;1308,302219513809;2,21898261539927e+02;Ensino Superior;15 até 39 Horas;2022
17;6;2;1403,226234722008;1,63351214769516e+02;Ensino Superior;15 até 39 Horas;2022
21;6;2;1256,433007750072;1,70200818537559e+02;Ensino Superior;15 até 39 Horas;2022
22;6;2;1411,161119999148;1,36508203288299e+02;Ensino Superior;15 até 39 Horas;2022
23;6;2;1280,406641867070;1,01421743809797e+02;Ensino Superior;15 até 39 Horas;2022
24;6;2;1074,459607800914;1,37387811788115e+02;Ensino Superior;15 até 39 Horas;2022
25;6;2;1553,056584438690;3,02807834523806e+02;Ensino Superior;15 até 39 Horas;2022
26;6;2;1124,573825103531;1,06212054944556e+02;Ensino Superior;15 até 39 Horas;2022
27;6;2;1401,135800772015;1,03972791735925e+02;Ensino Superior;15 até 39 Horas;2022
28;6;2;1194,637981294612;8,77252005929868e+01;Ensino Superior;15 até 39 Horas;2022
29;6;2;1657,504187593552;3,35740844056635e+02;Ensino Superior;15 até 39 Horas;2022
31;6;2;1527,883591703042;9,36404647975772e+01;Ensino Superior;15 até 39 Horas;2022
32;6;2;2255,499337196875;7,82237507004941e+02;Ensino Superior;15 até 39 Horas;2022
33;6;2;1964,464911877060;1,81265923358087e+02;Ensino Superior;15 até 39 Horas;2022
35;6;2;2025,337167279132;1,60819436610269e+02;Ensino Superior;15 até 39 Horas;2022
41;6;2;1535,248841309988;1,62784725669546e+02;Ensino Superior;15 até 39 Horas;2022
42;6;2;1994,563139912789;1,91125315805410e+02;Ensino Superior;15 até 39 Horas;2022
43;6;2;1704,112267054239;1,09758177760401e+02;Ensino Superior;15 até 39 Horas;2022
50;6;2;1742,179607337508;1,85244652930102e+02;Ensino Superior;15 até 39 Horas;2022
51;6;2;3084,180930188223;6,76206882887903e+02;Ensino Superior;15 até 39 Horas;2022
52;6;2;1937,767387624338;2,48836243646144e+02;Ensino Superior;15 até 39 Horas;2022
53;6;2;2011,371755080295;3,18511659912329e+02;Ensino Superior;15 até 39 Horas;2022
11;7;2;3886,632368457795;3,10086643303193e+02;Ensino Superior;15 até 39 Horas;2022
12;7;2;3807,633658115580;3,57268301941232e+02;Ensino Superior;15 até 39 Horas;2022
13;7;2;3219,549505211739;2,90935084977613e+02;Ensino Superior;15 até 39 Horas;2022
14;7;2;3749,110704215771;5,07957010635855e+02;Ensino Superior;15 até 39 Horas;2022
15;7;2;3382,852239656662;2,58276452603482e+02;Ensino Superior;15 até 39 Horas;2022
16;7;2;4005,598302397411;5,43859400908508e+02;Ensino Superior;15 até 39 Horas;2022
17;7;2;3351,537974266808;3,11294522674251e+02;Ensino Superior;15 até 39 Horas;2022
21;7;2;3369,912239520813;2,45736388688735e+02;Ensino Superior;15 até 39 Horas;2022
22;7;2;3454,757267589941;4,48695098756969e+02;Ensino Superior;15 até 39 Horas;2022
23;7;2;2685,410226030152;3,23441463177729e+02;Ensino Superior;15 até 39 Horas;2022
24;7;2;3123,740699282390;3,69266365555168e+02;Ensino Superior;15 até 39 Horas;2022
25;7;2;3787,937569268381;3,71495235736891e+02;Ensino Superior;15 até 39 Horas;2022
26;7;2;3504,288756560948;4,06104051781062e+02;Ensino Superior;15 até 39 Horas;2022
27;7;2;2852,729330063574;2,28993607273941e+02;Ensino Superior;15 até 39 Horas;2022
28;7;2;4804,183086755742;6,56991766086474e+02;Ensino Superior;15 até 39 Horas;2022
29;7;2;2538,047125338904;2,10486122030206e+02;Ensino Superior;15 até 39 Horas;2022
31;7;2;3452,368642901757;1,79585171718803e+02;Ensino Superior;15 até 39 Horas;2022
32;7;2;3522,646350812061;2,51693432126720e+02;Ensino Superior;15 até 39 Horas;2022
33;7;2;4628,851866173937;2,65628698643920e+02;Ensino Superior;15 até 39 Horas;2022
35;7;2;4451,154119007613;2,55588131963755e+02;Ensino Superior;15 até 39 Horas;2022
41;7;2;4017,829932611337;3,26327348257384e+02;Ensino Superior;15 até 39 Horas;2022
42;7;2;4372,555978405569;2,75099343210918e+02;Ensino Superior;15 até 39 Horas;2022
43;7;2;4020,182161042916;2,53064754202736e+02;Ensino Superior;15 até 39 Horas;2022
50;7;2;3817,824415884373;2,67231509321985e+02;Ensino Superior;15 até 39 Horas;2022
51;7;2;4002,996779957022;2,78925925805429e+02;Ensino Superior;15 até 39 Horas;2022
52;7;2;5034,223361097779;6,12405044529099e+02;Ensino Superior;15 até 39 Horas;2022
53;7;2;7791,744155688386;1,19947592856278e+03;Ensino Superior;15 até 39 Horas;2022
11;1;3;1828,721444416582;1,97076132433331e+02;Sem Instrução Formal;40 até 44 Horas;2022
12;1;3;1418,897011095465;1,07703631152698e+02;Sem Instrução Formal;40 até 44 Horas;2022
13;1;3;1061,572173238837;1,43308723303980e+02;Sem Instrução Formal;40 até 44 Horas;2022
14;1;3;1624,973137347277;2,67607294979333e+02;Sem Instrução Formal;40 até 44 Horas;2022
15;1;3;931,826715912357;9,80720909428194e+01;Sem Instrução Formal;40 até 44 Horas;2022
16;1;3;935,999763754092;9,05765213019476e+01;Sem Instrução Formal;40 até 44 Horas;2022
17;1;3;1893,679051606132;5,67752543588589e+02;Sem Instrução Formal;40 até 44 Horas;2022
21;1;3;908,856147151259;5,24860376056186e+01;Sem Instrução Formal;40 até 44 Horas;2022
22;1;3;1684,469067836551;5,85529353923627e+02;Sem Instrução Formal;40 até 44 Horas;2022
23;1;3;950,202209802369;5,39122358922386e+01;Sem Instrução Formal;40 até 44 Horas;2022
24;1;3;1266,752715257759;2,55370266177751e+02;Sem Instrução Formal;40 até 44 Horas;2022
25;1;3;1093,418787309108;8,13469270655639e+01;Sem Instrução Formal;40 até 44 Horas;2022
26;1;3;1053,218747373056;1,09995734109277e+02;Sem Instrução Formal;40 até 44 Horas;2022
27;1;3;1173,441724947381;1,27529774993108e+02;Sem Instrução Formal;40 até 44 Horas;2022
28;1;3;1215,304657727544;1,84815314266042e+02;Sem Instrução Formal;40 até 44 Horas;2022
29;1;3;925,301030278349;6,42450486613063e+01;Sem Instrução Formal;40 até 44 Horas;2022
31;1;3;1435,197612593836;1,15314934646571e+02;Sem Instrução Formal;40 até 44 Horas;2022
32;1;3;1960,469941361315;3,72475476958958e+02;Sem Instrução Formal;40 até 44 Horas;2022
33;1;3;2095,298862340853;1,94462922935603e+02;Sem Instrução Formal;40 até 44 Horas;2022
35;1;3;2002,869612302897;1,95358881240541e+02;Sem Instrução Formal;40 até 44 Horas;2022
41;1;3;2146,073751971529;3,32103702961648e+02;Sem Instrução Formal;40 até 44 Horas;2022
42;1;3;2347,235518865197;1,47066455756530e+02;Sem Instrução Formal;40 até 44 Horas;2022
43;1;3;1708,026362327441;1,34869197192774e+02;Sem Instrução Formal;40 até 44 Horas;2022
50;1;3;2915,068619806407;1,22791694384431e+03;Sem Instrução Formal;40 até 44 Horas;2022
51;1;3;2226,012362797424;2,00272397420497e+02;Sem Instrução Formal;40 até 44 Horas;2022
52;1;3;1570,949593587794;1,11120766377968e+02;Sem Instrução Formal;40 até 44 Horas;2022
53;1;3;1708,057833201233;3,21193205989487e+02;Sem Instrução Formal;40 até 44 Horas;2022
11;2;3;1974,745541960446;1,28580809280735e+02;Ensino Fundamental;40 até 44 Horas;2022
12;2;3;1460,002717146473;9,77489634676692e+01;Ensino Fundamental;40 até 44 Horas;2022
13;2;3;1247,325389101564;5,46799211098027e+01;Ensino Fundamental;40 até 44 Horas;2022
14;2;3;1534,346344570397;1,21269807588051e+02;Ensino Fundamental;40 até 44 Horas;2022
15;2;3;1394,162524994501;5,29338019108158e+01;Ensino Fundamental;40 até 44 Horas;2022
16;2;3;1257,973792002622;7,95897756279918e+01;Ensino Fundamental;40 até 44 Horas;2022
17;2;3;1593,276012865490;6,62050259669272e+01;Ensino Fundamental;40 até 44 Horas;2022
21;2;3;1130,046446473262;4,25577277224850e+01;Ensino Fundamental;40 até 44 Horas;2022
22;2;3;1254,305070982110;7,98173684765339e+01;Ensino Fundamental;40 até 44 Horas;2022
23;2;3;1209,267471258732;4,34205416823503e+01;Ensino Fundamental;40 até 44 Horas;2022
24;2;3;1195,245945703112;8,50101664328452e+01;Ensino Fundamental;40 até 44 Horas;2022
25;2;3;1159,157637803178;4,97679123478798e+01;Ensino Fundamental;40 até 44 Horas;2022
26;2;3;1153,911125706399;2,98356064773782e+01;Ensino Fundamental;40 até 44 Horas;2022
27;2;3;1224,172828277756;2,87800377328700e+01;Ensino Fundamental;40 até 44 Horas;2022
28;2;3;1248,786041070710;4,51601960454978e+01;Ensino Fundamental;40 até 44 Horas;2022
29;2;3;1171,783771497902;4,08191633197729e+01;Ensino Fundamental;40 até 44 Horas;2022
31;2;3;1740,912527307797;5,23750624366047e+01;Ensino Fundamental;40 até 44 Horas;2022
32;2;3;1658,032248250211;4,08455362608684e+01;Ensino Fundamental;40 até 44 Horas;2022
33;2;3;1628,672834048968;7,16694319062384e+01;Ensino Fundamental;40 até 44 Horas;2022
35;2;3;1919,699883175213;5,37527360239564e+01;Ensino Fundamental;40 até 44 Horas;2022
41;2;3;2018,958186719494;7,42022185020698e+01;Ensino Fundamental;40 até 44 Horas;2022
42;2;3;2149,064309515512;3,97423734920356e+01;Ensino Fundamental;40 até 44 Horas;2022
43;2;3;2028,204530369997;5,42714515626054e+01;Ensino Fundamental;40 até 44 Horas;2022
50;2;3;1964,045424462072;7,20582840225635e+01;Ensino Fundamental;40 até 44 Horas;2022
51;2;3;2865,408554615625;4,17028247206347e+02;Ensino Fundamental;40 até 44 Horas;2022
52;2;3;1827,267177281504;9,57969053336085e+01;Ensino Fundamental;40 até 44 Horas;2022
53;2;3;1685,637123391672;6,92351137560732e+01;Ensino Fundamental;40 até 44 Horas;2022
11;3;3;1787,519452287257;1,69603168017692e+02;Ensino Fundamental;40 até 44 Horas;2022
12;3;3;1771,684422605582;1,60868959030228e+02;Ensino Fundamental;40 até 44 Horas;2022
13;3;3;1726,641675752355;2,04478201450647e+02;Ensino Fundamental;40 até 44 Horas;2022
14;3;3;1646,927065229833;2,31568532456891e+02;Ensino Fundamental;40 até 44 Horas;2022
15;3;3;1580,360044441426;1,36613244884725e+02;Ensino Fundamental;40 até 44 Horas;2022
16;3;3;1425,518048992498;1,63870563808541e+02;Ensino Fundamental;40 até 44 Horas;2022
17;3;3;1835,862526855248;1,60209227483993e+02;Ensino Fundamental;40 até 44 Horas;2022
21;3;3;1413,580837261244;1,05206414853844e+02;Ensino Fundamental;40 até 44 Horas;2022
22;3;3;1192,762996353526;7,61633386634347e+01;Ensino Fundamental;40 até 44 Horas;2022
23;3;3;1225,416372502659;4,56882761116139e+01;Ensino Fundamental;40 até 44 Horas;2022
24;3;3;1371,569426365360;9,13079839352713e+01;Ensino Fundamental;40 até 44 Horas;2022
25;3;3;1485,728239840921;1,21167488530671e+02;Ensino Fundamental;40 até 44 Horas;2022
26;3;3;1374,790683597917;6,21955401054206e+01;Ensino Fundamental;40 até 44 Horas;2022
27;3;3;1278,389536937881;6,59761684221056e+01;Ensino Fundamental;40 até 44 Horas;2022
28;3;3;1346,075320609873;8,33344501891830e+01;Ensino Fundamental;40 até 44 Horas;2022
29;3;3;1188,024219982459;7,31867677835576e+01;Ensino Fundamental;40 até 44 Horas;2022
31;3;3;1851,997094187739;6,08870450404863e+01;Ensino Fundamental;40 até 44 Horas;2022
32;3;3;1888,848076552608;1,54087989645660e+02;Ensino Fundamental;40 até 44 Horas;2022
33;3;3;1821,490579446866;6,45683477812418e+01;Ensino Fundamental;40 até 44 Horas;2022
35;3;3;2012,492959058290;8,07776574633410e+01;Ensino Fundamental;40 até 44 Horas;2022
41;3;3;2032,358259367144;8,63595805453611e+01;Ensino Fundamental;40 até 44 Horas;2022
42;3;3;2415,407886337410;8,12039525549331e+01;Ensino Fundamental;40 até 44 Horas;2022
43;3;3;1999,158603585473;6,31556325382815e+01;Ensino Fundamental;40 até 44 Horas;2022
50;3;3;2376,731619447407;3,28205339261342e+02;Ensino Fundamental;40 até 44 Horas;2022
51;3;3;2081,593495869114;1,06627387779063e+02;Ensino Fundamental;40 até 44 Horas;2022
52;3;3;2314,552718033965;2,44531030063775e+02;Ensino Fundamental;40 até 44 Horas;2022
53;3;3;2021,491176610998;1,61187925721303e+02;Ensino Fundamental;40 até 44 Horas;2022
11;4;3;1787,764182086418;1,19726876439553e+02;Ensino Médio;40 até 44 Horas;2022
12;4;3;1381,809512396276;1,03823605038291e+02;Ensino Médio;40 até 44 Horas;2022
13;4;3;1123,149304363661;5,30587621017520e+01;Ensino Médio;40 até 44 Horas;2022
14;4;3;1331,701572119815;7,76958234487208e+01;Ensino Médio;40 até 44 Horas;2022
15;4;3;1330,754422724999;6,77770636366881e+01;Ensino Médio;40 até 44 Horas;2022
16;4;3;1459,948501838363;1,56878166117565e+02;Ensino Médio;40 até 44 Horas;2022
17;4;3;1684,938972022234;2,43703578334054e+02;Ensino Médio;40 até 44 Horas;2022
21;4;3;1285,950604282180;1,23623731807338e+02;Ensino Médio;40 até 44 Horas;2022
22;4;3;1053,119311733063;4,97061415049837e+01;Ensino Médio;40 até 44 Horas;2022
23;4;3;1404,294519523320;8,12347309374104e+01;Ensino Médio;40 até 44 Horas;2022
24;4;3;1285,638177474582;8,49820372378383e+01;Ensino Médio;40 até 44 Horas;2022
25;4;3;1279,553045434945;7,78986015853679e+01;Ensino Médio;40 até 44 Horas;2022
26;4;3;1198,882428150963;5,29589466150298e+01;Ensino Médio;40 até 44 Horas;2022
27;4;3;1356,964141386410;9,96678005043942e+01;Ensino Médio;40 até 44 Horas;2022
28;4;3;1337,884561854849;1,25442759133957e+02;Ensino Médio;40 até 44 Horas;2022
29;4;3;1241,613539304475;4,74138757966507e+01;Ensino Médio;40 até 44 Horas;2022
31;4;3;1618,544384038197;5,89333245191018e+01;Ensino Médio;40 até 44 Horas;2022
32;4;3;1644,818955115767;6,94948453126506e+01;Ensino Médio;40 até 44 Horas;2022
33;4;3;1562,024079776361;5,24958498862477e+01;Ensino Médio;40 até 44 Horas;2022
35;4;3;2230,961432555318;3,17714348030484e+02;Ensino Médio;40 até 44 Horas;2022
41;4;3;1887,375383399793;8,67927509128002e+01;Ensino Médio;40 até 44 Horas;2022
42;4;3;2104,143658445817;5,73494383969314e+01;Ensino Médio;40 até 44 Horas;2022
43;4;3;1992,698950721555;7,32444751017665e+01;Ensino Médio;40 até 44 Horas;2022
50;4;3;1900,098441174531;1,24176086030999e+02;Ensino Médio;40 até 44 Horas;2022
51;4;3;2091,603252361990;1,20913630049867e+02;Ensino Médio;40 até 44 Horas;2022
52;4;3;1791,134252485479;9,05985823693627e+01;Ensino Médio;40 até 44 Horas;2022
53;4;3;3220,671136666829;1,21853802333440e+03;Ensino Médio;40 até 44 Horas;2022
11;5;3;2279,970552328547;1,89504855554107e+02;Ensino Médio;40 até 44 Horas;2022
12;5;3;1790,266642849746;5,74623957677435e+01;Ensino Médio;40 até 44 Horas;2022
13;5;3;1790,351016623698;9,66174170158126e+01;Ensino Médio;40 até 44 Horas;2022
14;5;3;1771,096432724554;7,17116765220905e+01;Ensino Médio;40 até 44 Horas;2022
15;5;3;1841,818196726256;7,32506044613261e+01;Ensino Médio;40 até 44 Horas;2022
16;5;3;1631,396492592955;9,74402641494513e+01;Ensino Médio;40 até 44 Horas;2022
17;5;3;1880,508060070426;8,21956359029088e+01;Ensino Médio;40 até 44 Horas;2022
21;5;3;1631,403244694354;6,55663872122610e+01;Ensino Médio;40 até 44 Horas;2022
22;5;3;1621,541567590665;9,85541777070353e+01;Ensino Médio;40 até 44 Horas;2022
23;5;3;1632,568323177145;7,93897863602560e+01;Ensino Médio;40 até 44 Horas;2022
24;5;3;1794,895322310773;9,44168727348131e+01;Ensino Médio;40 até 44 Horas;2022
25;5;3;1516,964131982068;5,41308549228833e+01;Ensino Médio;40 até 44 Horas;2022
26;5;3;1627,835470240260;5,72899911633427e+01;Ensino Médio;40 até 44 Horas;2022
27;5;3;1586,512374572972;5,66199170639400e+01;Ensino Médio;40 até 44 Horas;2022
28;5;3;1724,138608499901;7,80847640065045e+01;Ensino Médio;40 até 44 Horas;2022
29;5;3;1591,134280520241;4,23499607714291e+01;Ensino Médio;40 até 44 Horas;2022
31;5;3;1934,830531780723;3,37278936817343e+01;Ensino Médio;40 até 44 Horas;2022
32;5;3;2118,184484022789;8,79007564532352e+01;Ensino Médio;40 até 44 Horas;2022
33;5;3;2155,074464520693;5,22550943688283e+01;Ensino Médio;40 até 44 Horas;2022
35;5;3;2242,903520074425;3,76403862167958e+01;Ensino Médio;40 até 44 Horas;2022
41;5;3;2365,059682922596;4,99302948943682e+01;Ensino Médio;40 até 44 Horas;2022
42;5;3;2485,560874492866;3,88220167195727e+01;Ensino Médio;40 até 44 Horas;2022
43;5;3;2407,031927569233;5,38478789154813e+01;Ensino Médio;40 até 44 Horas;2022
50;5;3;2404,151617671934;1,23196475699518e+02;Ensino Médio;40 até 44 Horas;2022
51;5;3;2453,239565305865;8,92257978847650e+01;Ensino Médio;40 até 44 Horas;2022
52;5;3;2067,114261263107;5,55259667568594e+01;Ensino Médio;40 até 44 Horas;2022
53;5;3;2330,055054072116;9,52635155599138e+01;Ensino Médio;40 até 44 Horas;2022
11;6;3;2251,890923270484;2,53323653178210e+02;Ensino Superior;40 até 44 Horas;2022
12;6;3;2102,561678187477;2,00583726197261e+02;Ensino Superior;40 até 44 Horas;2022
13;6;3;1991,797532948498;1,04665363895061e+02;Ensino Superior;40 até 44 Horas;2022
14;6;3;2458,813608718143;4,22619137776225e+02;Ensino Superior;40 até 44 Horas;2022
15;6;3;2295,994320905569;2,12250268792915e+02;Ensino Superior;40 até 44 Horas;2022
16;6;3;2327,175210624804;3,47309410082976e+02;Ensino Superior;40 até 44 Horas;2022
17;6;3;2351,847692733769;2,95478523478779e+02;Ensino Superior;40 até 44 Horas;2022
21;6;3;2097,743788883214;2,58478801701300e+02;Ensino Superior;40 até 44 Horas;2022
22;6;3;2406,919144322921;3,78416691218112e+02;Ensino Superior;40 até 44 Horas;2022
23;6;3;1958,133468051366;1,75139351729207e+02;Ensino Superior;40 até 44 Horas;2022
24;6;3;1802,293260199957;3,12211348110322e+02;Ensino Superior;40 até 44 Horas;2022
25;6;3;2071,122779357099;2,13051795615565e+02;Ensino Superior;40 até 44 Horas;2022
26;6;3;1899,117755889647;1,38873976782471e+02;Ensino Superior;40 até 44 Horas;2022
27;6;3;2032,722984067568;1,60493853248732e+02;Ensino Superior;40 até 44 Horas;2022
28;6;3;2143,351600969009;2,72404634549229e+02;Ensino Superior;40 até 44 Horas;2022
29;6;3;2146,668790391143;1,71464632617301e+02;Ensino Superior;40 até 44 Horas;2022
31;6;3;2328,177740233651;8,38033338229173e+01;Ensino Superior;40 até 44 Horas;2022
32;6;3;3531,317939224255;4,05770175196292e+02;Ensino Superior;40 até 44 Horas;2022
33;6;3;2913,931405627802;1,86406522437235e+02;Ensino Superior;40 até 44 Horas;2022
35;6;3;3495,138390333256;8,08958954036913e+02;Ensino Superior;40 até 44 Horas;2022
41;6;3;2780,435720701343;1,39185410475346e+02;Ensino Superior;40 até 44 Horas;2022
42;6;3;2804,697447644748;1,20007820909458e+02;Ensino Superior;40 até 44 Horas;2022
43;6;3;2966,631878096754;1,44630029183685e+02;Ensino Superior;40 até 44 Horas;2022
50;6;3;2523,894210395238;2,05646162043156e+02;Ensino Superior;40 até 44 Horas;2022
51;6;3;3289,646807609607;5,05385291889583e+02;Ensino Superior;40 até 44 Horas;2022
52;6;3;2728,246811467666;2,46508849174787e+02;Ensino Superior;40 até 44 Horas;2022
53;6;3;2787,465961041447;2,31309644548325e+02;Ensino Superior;40 até 44 Horas;2022
11;7;3;4102,443874503756;2,99017271199281e+02;Ensino Superior;40 até 44 Horas;2022
12;7;3;4149,100637809446;2,50278711081020e+02;Ensino Superior;40 até 44 Horas;2022
13;7;3;4344,167651271398;2,56293908071436e+02;Ensino Superior;40 até 44 Horas;2022
14;7;3;3866,672053448172;2,55076091857621e+02;Ensino Superior;40 até 44 Horas;2022
15;7;3;4364,408957264066;2,57674232530678e+02;Ensino Superior;40 até 44 Horas;2022
16;7;3;4251,192314837394;4,72548992604743e+02;Ensino Superior;40 até 44 Horas;2022
17;7;3;4598,809385858149;2,83081973114043e+02;Ensino Superior;40 até 44 Horas;2022
21;7;3;3655,764264197286;2,45082587840414e+02;Ensino Superior;40 até 44 Horas;2022
22;7;3;3803,358641540707;4,17152411314931e+02;Ensino Superior;40 até 44 Horas;2022
23;7;3;3985,458259011121;4,51687290305909e+02;Ensino Superior;40 até 44 Horas;2022
24;7;3;4765,714338748542;3,74448495525507e+02;Ensino Superior;40 até 44 Horas;2022
25;7;3;4654,898468488341;5,25254626906301e+02;Ensino Superior;40 até 44 Horas;2022
26;7;3;4471,919803965996;2,81035404638810e+02;Ensino Superior;40 até 44 Horas;2022
27;7;3;4337,645936214721;4,14140821652230e+02;Ensino Superior;40 até 44 Horas;2022
28;7;3;4587,157521629774;3,62593135469510e+02;Ensino Superior;40 até 44 Horas;2022
29;7;3;4118,330313357636;2,90336630379513e+02;Ensino Superior;40 até 44 Horas;2022
31;7;3;4538,502460362674;1,51021586779786e+02;Ensino Superior;40 até 44 Horas;2022
32;7;3;5349,504090597198;3,33918631303105e+02;Ensino Superior;40 até 44 Horas;2022
33;7;3;6225,898693690310;1,72017155443309e+02;Ensino Superior;40 até 44 Horas;2022
35;7;3;6042,984933357959;2,25202099266326e+02;Ensino Superior;40 até 44 Horas;2022
41;7;3;4863,633196863923;1,87381666443563e+02;Ensino Superior;40 até 44 Horas;2022
42;7;3;5088,636455948300;1,42348709423555e+02;Ensino Superior;40 até 44 Horas;2022
43;7;3;5813,041391036753;2,96095875507062e+02;Ensino Superior;40 até 44 Horas;2022
50;7;3;5715,713303748939;5,74678823690206e+02;Ensino Superior;40 até 44 Horas;2022
51;7;3;4597,703474914625;3,07742741620966e+02;Ensino Superior;40 até 44 Horas;2022
52;7;3;4836,151308310549;3,08391556457864e+02;Ensino Superior;40 até 44 Horas;2022
53;7;3;8508,890854965488;5,22036525409295e+02;Ensino Superior;40 até 44 Horas;2022
11;1;4;2332,255383598254;2,21400481941059e+02;Sem Instrução Formal;44 até 48 Horas;2022
12;1;4;1383,541044570853;3,14275325146643e+02;Sem Instrução Formal;44 até 48 Horas;2022
13;1;4;1118,589154490924;2,75544332261792e+02;Sem Instrução Formal;44 até 48 Horas;2022
14;1;4;1786,135640333969;5,63209817523477e+02;Sem Instrução Formal;44 até 48 Horas;2022
15;1;4;1506,044927770316;2,35845846729994e+02;Sem Instrução Formal;44 até 48 Horas;2022
16;1;4;3576,994487146241;1,59051057391188e+03;Sem Instrução Formal;44 até 48 Horas;2022
17;1;4;2001,150185572360;3,53021643400670e+02;Sem Instrução Formal;44 até 48 Horas;2022
21;1;4;1079,610457563332;2,27924437020090e+02;Sem Instrução Formal;44 até 48 Horas;2022
22;1;4;1199,721040181201;2,91938365481385e+02;Sem Instrução Formal;44 até 48 Horas;2022
23;1;4;916,148427578251;1,45388383555901e+02;Sem Instrução Formal;44 até 48 Horas;2022
24;1;4;1044,781209401190;2,62421998916124e+02;Sem Instrução Formal;44 até 48 Horas;2022
25;1;4;1084,480121475204;1,19378035938250e+02;Sem Instrução Formal;44 até 48 Horas;2022
26;1;4;951,579266630678;1,47290193978718e+02;Sem Instrução Formal;44 até 48 Horas;2022
27;1;4;1198,888274831357;1,47550909698109e+02;Sem Instrução Formal;44 até 48 Horas;2022
28;1;4;1066,159247890074;1,98976155861037e+02;Sem Instrução Formal;44 até 48 Horas;2022
29;1;4;901,441446734646;9,04658096981374e+01;Sem Instrução Formal;44 até 48 Horas;2022
31;1;4;1424,663702099795;1,01912659957183e+02;Sem Instrução Formal;44 até 48 Horas;2022
32;1;4;1540,315885678337;3,16004790701372e+02;Sem Instrução Formal;44 até 48 Horas;2022
33;1;4;1934,709053443722;2,83006820898854e+02;Sem Instrução Formal;44 até 48 Horas;2022
35;1;4;1648,855003098108;2,58464471362944e+02;Sem Instrução Formal;44 até 48 Horas;2022
41;1;4;1586,356371242178;1,53367669758793e+02;Sem Instrução Formal;44 até 48 Horas;2022
42;1;4;1852,464817824658;2,58391761026364e+02;Sem Instrução Formal;44 até 48 Horas;2022
43;1;4;1797,343504799787;2,80999147593240e+02;Sem Instrução Formal;44 até 48 Horas;2022
50;1;4;1448,370298917404;9,96920199788771e+01;Sem Instrução Formal;44 até 48 Horas;2022
51;1;4;2056,615845422245;3,35804508942743e+02;Sem Instrução Formal;44 até 48 Horas;2022
52;1;4;1507,509140290869;1,59574459209927e+02;Sem Instrução Formal;44 até 48 Horas;2022
53;1;4;1585,301435188885;1,70472459560324e+02;Sem Instrução Formal;44 até 48 Horas;2022
11;2;4;2055,037056859120;2,11384909372716e+02;Ensino Fundamental;44 até 48 Horas;2022
12;2;4;1529,069991486859;1,11433308355477e+02;Ensino Fundamental;44 até 48 Horas;2022
13;2;4;1219,678332895764;7,05394979574072e+01;Ensino Fundamental;44 até 48 Horas;2022
14;2;4;3923,401075692675;2,10215070068739e+03;Ensino Fundamental;44 até 48 Horas;2022
15;2;4;1493,171559988445;6,91598583054423e+01;Ensino Fundamental;44 até 48 Horas;2022
16;2;4;1376,337422668059;2,00048121065582e+02;Ensino Fundamental;44 até 48 Horas;2022
17;2;4;1545,077300378245;8,37015237633188e+01;Ensino Fundamental;44 até 48 Horas;2022
21;2;4;1237,560017871595;5,88595124491642e+01;Ensino Fundamental;44 até 48 Horas;2022
22;2;4;1251,306288963107;1,13523642546269e+02;Ensino Fundamental;44 até 48 Horas;2022
23;2;4;1198,995845741570;9,08103157946784e+01;Ensino Fundamental;44 até 48 Horas;2022
24;2;4;1072,152766540780;7,24066113401799e+01;Ensino Fundamental;44 até 48 Horas;2022
25;2;4;1113,978641237206;5,01551919106892e+01;Ensino Fundamental;44 até 48 Horas;2022
26;2;4;1105,526028835989;5,25153278078439e+01;Ensino Fundamental;44 até 48 Horas;2022
27;2;4;1389,733042182364;9,42066873910674e+01;Ensino Fundamental;44 até 48 Horas;2022
28;2;4;1154,936384107119;6,37534038134546e+01;Ensino Fundamental;44 até 48 Horas;2022
29;2;4;1109,756728704388;7,46905660157094e+01;Ensino Fundamental;44 até 48 Horas;2022
31;2;4;1707,957102906457;5,91700451207491e+01;Ensino Fundamental;44 até 48 Horas;2022
32;2;4;1793,049129093745;1,21407758352374e+02;Ensino Fundamental;44 até 48 Horas;2022
33;2;4;1712,130905029143;9,02571472764248e+01;Ensino Fundamental;44 até 48 Horas;2022
35;2;4;2077,729708387058;2,08491739401955e+02;Ensino Fundamental;44 até 48 Horas;2022
41;2;4;1936,604905501343;8,58326192439946e+01;Ensino Fundamental;44 até 48 Horas;2022
42;2;4;2299,260252268288;1,68858970051178e+02;Ensino Fundamental;44 até 48 Horas;2022
43;2;4;2089,739335660734;1,17054359294920e+02;Ensino Fundamental;44 até 48 Horas;2022
50;2;4;2245,827067199238;2,25996810225458e+02;Ensino Fundamental;44 até 48 Horas;2022
51;2;4;2481,321113194220;1,71920982456621e+02;Ensino Fundamental;44 até 48 Horas;2022
52;2;4;1942,020957197049;1,05064965403042e+02;Ensino Fundamental;44 até 48 Horas;2022
53;2;4;1710,034438056488;1,27578400388675e+02;Ensino Fundamental;44 até 48 Horas;2022
11;3;4;1924,789263199855;1,72819158929496e+02;Ensino Fundamental;44 até 48 Horas;2022
12;3;4;1363,455275152463;2,20277656625288e+02;Ensino Fundamental;44 até 48 Horas;2022
13;3;4;1258,506429211488;1,42113349413356e+02;Ensino Fundamental;44 até 48 Horas;2022
14;3;4;1949,901924046098;4,90685077889743e+02;Ensino Fundamental;44 até 48 Horas;2022
15;3;4;1358,818186837059;1,06401478684482e+02;Ensino Fundamental;44 até 48 Horas;2022
16;3;4;1385,935349965493;3,11609246196621e+02;Ensino Fundamental;44 até 48 Horas;2022
17;3;4;1381,968224718460;1,95218958104991e+02;Ensino Fundamental;44 até 48 Horas;2022
21;3;4;1455,739315560557;1,68900638955871e+02;Ensino Fundamental;44 até 48 Horas;2022
22;3;4;3787,400891598926;1,85788802903914e+03;Ensino Fundamental;44 até 48 Horas;2022
23;3;4;1173,038837631519;7,72761865442771e+01;Ensino Fundamental;44 até 48 Horas;2022
24;3;4;1658,680414330083;2,11033452280907e+02;Ensino Fundamental;44 até 48 Horas;2022
25;3;4;1156,212378015939;1,29331188524884e+02;Ensino Fundamental;44 até 48 Horas;2022
26;3;4;1466,993032828437;1,67799471267480e+02;Ensino Fundamental;44 até 48 Horas;2022
27;3;4;1341,665436077425;1,15082018554012e+02;Ensino Fundamental;44 até 48 Horas;2022
28;3;4;1443,792549187381;2,78874240194377e+02;Ensino Fundamental;44 até 48 Horas;2022
29;3;4;1289,256232366064;1,09805644398816e+02;Ensino Fundamental;44 até 48 Horas;2022
31;3;4;1715,457975623922;8,18959717411164e+01;Ensino Fundamental;44 até 48 Horas;2022
32;3;4;2105,761913913550;2,30659998890509e+02;Ensino Fundamental;44 até 48 Horas;2022
33;3;4;1507,921183682875;7,79529086163408e+01;Ensino Fundamental;44 até 48 Horas;2022
35;3;4;2107,571679850061;1,80165870800443e+02;Ensino Fundamental;44 até 48 Horas;2022
41;3;4;2466,503848783806;2,81036858525487e+02;Ensino Fundamental;44 até 48 Horas;2022
42;3;4;2324,767881188233;1,92628664676375e+02;Ensino Fundamental;44 até 48 Horas;2022
43;3;4;2058,935749037000;1,02694134603233e+02;Ensino Fundamental;44 até 48 Horas;2022
50;3;4;2606,267573352520;3,23178221279850e+02;Ensino Fundamental;44 até 48 Horas;2022
51;3;4;2076,819237353751;3,22733077225046e+02;Ensino Fundamental;44 até 48 Horas;2022
52;3;4;2204,421987452241;3,91288898791278e+02;Ensino Fundamental;44 até 48 Horas;2022
53;3;4;1831,703120595242;1,91611156253426e+02;Ensino Fundamental;44 até 48 Horas;2022
11;4;4;1858,911084629565;4,02097064087439e+02;Ensino Médio;44 até 48 Horas;2022
12;4;4;1147,608285027619;1,24828242586049e+02;Ensino Médio;44 até 48 Horas;2022
13;4;4;1821,817029665496;4,31743295687361e+02;Ensino Médio;44 até 48 Horas;2022
14;4;4;1874,091274107937;2,51248067221143e+02;Ensino Médio;44 até 48 Horas;2022
15;4;4;1825,001120659204;2,53177516623236e+02;Ensino Médio;44 até 48 Horas;2022
16;4;4;1233,169585741281;1,77261927816454e+02;Ensino Médio;44 até 48 Horas;2022
17;4;4;1333,162337873676;1,53012710793599e+02;Ensino Médio;44 até 48 Horas;2022
21;4;4;1121,538654299412;1,49863932048557e+02;Ensino Médio;44 até 48 Horas;2022
22;4;4;1075,828692563811;2,34351100655247e+02;Ensino Médio;44 até 48 Horas;2022
23;4;4;1439,873968029175;1,13894355686745e+02;Ensino Médio;44 até 48 Horas;2022
24;4;4;1357,767212492550;1,62571131964596e+02;Ensino Médio;44 até 48 Horas;2022
25;4;4;1213,637097106400;2,01160324150348e+02;Ensino Médio;44 até 48 Horas;2022
26;4;4;1178,120010921005;6,46687583036098e+01;Ensino Médio;44 até 48 Horas;2022
27;4;4;1344,719395543193;6,08069398541838e+01;Ensino Médio;44 até 48 Horas;2022
28;4;4;1020,802947285241;2,01353466727059e+02;Ensino Médio;44 até 48 Horas;2022
29;4;4;1240,305287210633;1,04164641408315e+02;Ensino Médio;44 até 48 Horas;2022
31;4;4;1731,154133015158;8,72844415807025e+01;Ensino Médio;44 até 48 Horas;2022
32;4;4;1678,047452465083;2,02143473130808e+02;Ensino Médio;44 até 48 Horas;2022
33;4;4;1770,741955355684;1,37651581401553e+02;Ensino Médio;44 até 48 Horas;2022
35;4;4;2133,889719028734;2,15732322126703e+02;Ensino Médio;44 até 48 Horas;2022
41;4;4;2323,048941881468;2,18875949828581e+02;Ensino Médio;44 até 48 Horas;2022
42;4;4;2103,458777544811;1,56695484731487e+02;Ensino Médio;44 até 48 Horas;2022
43;4;4;1847,921269546143;1,39710293655806e+02;Ensino Médio;44 até 48 Horas;2022
50;4;4;2108,513064283819;3,25079393847381e+02;Ensino Médio;44 até 48 Horas;2022
51;4;4;1795,332053420059;1,51673925176507e+02;Ensino Médio;44 até 48 Horas;2022
52;4;4;2050,773934644802;1,98042242334166e+02;Ensino Médio;44 até 48 Horas;2022
53;4;4;2423,344001834831;4,40062054486678e+02;Ensino Médio;44 até 48 Horas;2022
11;5;4;2090,547371843492;1,43258577537842e+02;Ensino Médio;44 até 48 Horas;2022
12;5;4;1801,048218315345;2,50115828404500e+02;Ensino Médio;44 até 48 Horas;2022
13;5;4;1671,687445812739;9,83313954024109e+01;Ensino Médio;44 até 48 Horas;2022
14;5;4;2161,176330006624;2,80479155604023e+02;Ensino Médio;44 até 48 Horas;2022
15;5;4;1996,631444416419;3,33487503258590e+02;Ensino Médio;44 até 48 Horas;2022
16;5;4;2236,704874117351;6,38597997025944e+02;Ensino Médio;44 até 48 Horas;2022
17;5;4;2105,060200567628;4,27677689131384e+02;Ensino Médio;44 até 48 Horas;2022
21;5;4;1670,022997742856;1,10278828835127e+02;Ensino Médio;44 até 48 Horas;2022
22;5;4;1570,223089134664;1,25006012841123e+02;Ensino Médio;44 até 48 Horas;2022
23;5;4;1985,239726739635;3,11554640696418e+02;Ensino Médio;44 até 48 Horas;2022
24;5;4;1786,065779778693;1,55054584901745e+02;Ensino Médio;44 até 48 Horas;2022
25;5;4;1870,192801181039;4,49069876115054e+02;Ensino Médio;44 até 48 Horas;2022
26;5;4;1401,716287794744;4,75970735276684e+01;Ensino Médio;44 até 48 Horas;2022
27;5;4;1518,011999479296;7,05495100022054e+01;Ensino Médio;44 até 48 Horas;2022
28;5;4;1568,331228692641;1,27788645795420e+02;Ensino Médio;44 até 48 Horas;2022
29;5;4;1794,036343707490;1,46043392345031e+02;Ensino Médio;44 até 48 Horas;2022
31;5;4;1948,176477104298;7,01374035636531e+01;Ensino Médio;44 até 48 Horas;2022
32;5;4;1871,836859091370;8,75997384525296e+01;Ensino Médio;44 até 48 Horas;2022
33;5;4;2054,748587767163;9,68374395362524e+01;Ensino Médio;44 até 48 Horas;2022
35;5;4;2104,634086667279;6,20003535070760e+01;Ensino Médio;44 até 48 Horas;2022
41;5;4;2376,121926534212;8,52223564056414e+01;Ensino Médio;44 até 48 Horas;2022
42;5;4;2833,909139718494;1,54401621027868e+02;Ensino Médio;44 até 48 Horas;2022
43;5;4;2174,067510258137;1,22404703145922e+02;Ensino Médio;44 até 48 Horas;2022
50;5;4;2514,438889560171;1,60620684031638e+02;Ensino Médio;44 até 48 Horas;2022
51;5;4;2287,915483870484;1,27253056358722e+02;Ensino Médio;44 até 48 Horas;2022
52;5;4;2206,836321927717;1,19563018692176e+02;Ensino Médio;44 até 48 Horas;2022
53;5;4;2554,571825008730;4,13047994930979e+02;Ensino Médio;44 até 48 Horas;2022
11;6;4;3352,875399256972;1,00718192040156e+03;Ensino Superior;44 até 48 Horas;2022
12;6;4;2328,096251546492;7,41646989087585e+02;Ensino Superior;44 até 48 Horas;2022
13;6;4;1815,697771183912;1,88434853195787e+02;Ensino Superior;44 até 48 Horas;2022
14;6;4;2807,213009292763;7,40404668083839e+02;Ensino Superior;44 até 48 Horas;2022
15;6;4;4478,661866802305;2,76541525827866e+03;Ensino Superior;44 até 48 Horas;2022
16;6;4;2587,245819819711;7,23225129158091e+02;Ensino Superior;44 até 48 Horas;2022
17;6;4;1557,437493137890;3,15320123112710e+02;Ensino Superior;44 até 48 Horas;2022
21;6;4;2318,084089044625;8,04347057913180e+02;Ensino Superior;44 até 48 Horas;2022
22;6;4;1509,941934768925;1,97675845680476e+02;Ensino Superior;44 até 48 Horas;2022
23;6;4;1742,670207845264;2,46477187588387e+02;Ensino Superior;44 até 48 Horas;2022
24;6;4;1657,613829680509;5,99297313209212e+02;Ensino Superior;44 até 48 Horas;2022
25;6;4;1590,054537603993;2,27998021874792e+02;Ensino Superior;44 até 48 Horas;2022
26;6;4;3052,383270072559;6,97336282021134e+02;Ensino Superior;44 até 48 Horas;2022
27;6;4;1568,211319086668;1,76381287559718e+02;Ensino Superior;44 até 48 Horas;2022
28;6;4;2507,069120524055;7,57340438282749e+02;Ensino Superior;44 até 48 Horas;2022
29;6;4;1691,309069153546;1,58653729696040e+02;Ensino Superior;44 até 48 Horas;2022
31;6;4;2533,690984695432;3,13859782635843e+02;Ensino Superior;44 até 48 Horas;2022
32;6;4;4979,502272048411;1,08088084939093e+03;Ensino Superior;44 até 48 Horas;2022
33;6;4;2943,530596390084;2,38696718038407e+02;Ensino Superior;44 até 48 Horas;2022
35;6;4;3204,733153710341;2,98375359400524e+02;Ensino Superior;44 até 48 Horas;2022
41;6;4;2696,976917473239;3,62970250434556e+02;Ensino Superior;44 até 48 Horas;2022
42;6;4;2999,213697018711;3,65766299007966e+02;Ensino Superior;44 até 48 Horas;2022
43;6;4;3871,689467270022;5,61113857082901e+02;Ensino Superior;44 até 48 Horas;2022
50;6;4;3963,008938200946;1,77351234689077e+03;Ensino Superior;44 até 48 Horas;2022
51;6;4;2285,521770121185;2,79812218855984e+02;Ensino Superior;44 até 48 Horas;2022
52;6;4;2912,401879802881;5,82367519540124e+02;Ensino Superior;44 até 48 Horas;2022
53;6;4;2401,468198883516;2,80068490751474e+02;Ensino Superior;44 até 48 Horas;2022
11;7;4;3617,630462479366;6,83692547605086e+02;Ensino Superior;44 até 48 Horas;2022
12;7;4;4370,569574555927;5,27464225250887e+02;Ensino Superior;44 até 48 Horas;2022
13;7;4;3530,497907566082;3,79828015818272e+02;Ensino Superior;44 até 48 Horas;2022
14;7;4;5108,797405984315;6,88223738057576e+02;Ensino Superior;44 até 48 Horas;2022
15;7;4;5755,112141415771;1,31879073958368e+03;Ensino Superior;44 até 48 Horas;2022
16;7;4;4740,371075158913;1,05601667741888e+03;Ensino Superior;44 até 48 Horas;2022
17;7;4;5588,541557845298;1,91479784541636e+03;Ensino Superior;44 até 48 Horas;2022
21;7;4;4059,887421498055;9,53437594491763e+02;Ensino Superior;44 até 48 Horas;2022
22;7;4;4810,246746980826;1,46512627282840e+03;Ensino Superior;44 até 48 Horas;2022
23;7;4;3292,207290492629;6,63904976634355e+02;Ensino Superior;44 até 48 Horas;2022
24;7;4;2876,186720460671;4,24165988006770e+02;Ensino Superior;44 até 48 Horas;2022
25;7;4;3814,700249153379;7,11468333933254e+02;Ensino Superior;44 até 48 Horas;2022
26;7;4;3759,805512099669;3,63908165277491e+02;Ensino Superior;44 até 48 Horas;2022
27;7;4;3615,237483544694;4,78010494614372e+02;Ensino Superior;44 até 48 Horas;2022
28;7;4;3443,108541833653;6,13559959914630e+02;Ensino Superior;44 até 48 Horas;2022
29;7;4;6555,167131894122;1,73868834140611e+03;Ensino Superior;44 até 48 Horas;2022
31;7;4;4334,004170504387;3,52346529993324e+02;Ensino Superior;44 até 48 Horas;2022
32;7;4;4301,297774300991;5,74380157756784e+02;Ensino Superior;44 até 48 Horas;2022
33;7;4;6023,114294258419;4,48737967962970e+02;Ensino Superior;44 até 48 Horas;2022
35;7;4;6650,756037760432;7,61546596515359e+02;Ensino Superior;44 até 48 Horas;2022
41;7;4;5154,618270356672;7,30112035951491e+02;Ensino Superior;44 até 48 Horas;2022
42;7;4;5302,068751216567;5,24322215177097e+02;Ensino Superior;44 até 48 Horas;2022
43;7;4;5993,940511281360;1,23539659340589e+03;Ensino Superior;44 até 48 Horas;2022
50;7;4;4822,798847226991;6,19545290407950e+02;Ensino Superior;44 até 48 Horas;2022
51;7;4;6195,177661900380;1,98841611446947e+03;Ensino Superior;44 até 48 Horas;2022
52;7;4;3933,638153153704;4,51794259476924e+02;Ensino Superior;44 até 48 Horas;2022
53;7;4;5605,787750662675;7,33894436018869e+02;Ensino Superior;44 até 48 Horas;2022
11;1;5;2629,893371994274;6,19534750806351e+02;Sem Instrução Formal;49 Horas +;2022
12;1;5;2226,405054176654;7,45301734975083e+02;Sem Instrução Formal;49 Horas +;2022
13;1;5;1297,651996691583;1,88815247383552e+02;Sem Instrução Formal;49 Horas +;2022
14;1;5;1576,102422879189;2,33341047543468e+02;Sem Instrução Formal;49 Horas +;2022
15;1;5;1406,633479925303;2,41241200140900e+02;Sem Instrução Formal;49 Horas +;2022
16;1;5;985,193172886042;2,19076291519771e+02;Sem Instrução Formal;49 Horas +;2022
17;1;5;1719,181474609917;1,98494339138450e+02;Sem Instrução Formal;49 Horas +;2022
21;1;5;996,995140959760;1,19251574599009e+02;Sem Instrução Formal;49 Horas +;2022
22;1;5;688,282076115575;1,48703818168813e+02;Sem Instrução Formal;49 Horas +;2022
23;1;5;885,860545710371;1,12515674924421e+02;Sem Instrução Formal;49 Horas +;2022
24;1;5;1157,333682439683;1,92108408948841e+02;Sem Instrução Formal;49 Horas +;2022
25;1;5;1092,917243327721;1,66392574245199e+02;Sem Instrução Formal;49 Horas +;2022
26;1;5;856,361362430051;1,02654580937981e+02;Sem Instrução Formal;49 Horas +;2022
27;1;5;1376,319850066964;2,04975599124084e+02;Sem Instrução Formal;49 Horas +;2022
28;1;5;1073,304430612913;1,92089612091580e+02;Sem Instrução Formal;49 Horas +;2022
29;1;5;959,896908327272;9,14591797439314e+01;Sem Instrução Formal;49 Horas +;2022
31;1;5;1326,889205107674;1,38842535280442e+02;Sem Instrução Formal;49 Horas +;2022
32;1;5;1321,446515308447;3,00779319044797e+02;Sem Instrução Formal;49 Horas +;2022
33;1;5;2325,482743497849;4,18336723646860e+02;Sem Instrução Formal;49 Horas +;2022
35;1;5;2392,894158137678;3,01100775489710e+02;Sem Instrução Formal;49 Horas +;2022
41;1;5;4021,926805721758;1,04411066738067e+03;Sem Instrução Formal;49 Horas +;2022
42;1;5;4096,104938057872;1,16622406194871e+03;Sem Instrução Formal;49 Horas +;2022
43;1;5;2212,637615942748;3,92557260481332e+02;Sem Instrução Formal;49 Horas +;2022
50;1;5;1875,979502640963;4,81629978419633e+02;Sem Instrução Formal;49 Horas +;2022
51;1;5;3058,044221561759;5,83394480676369e+02;Sem Instrução Formal;49 Horas +;2022
52;1;5;2015,320633757792;3,32851827727465e+02;Sem Instrução Formal;49 Horas +;2022
53;1;5;1802,825457715810;1,96970423320655e+02;Sem Instrução Formal;49 Horas +;2022
11;2;5;3571,431946242368;1,39545410025570e+03;Ensino Fundamental;49 Horas +;2022
12;2;5;3087,495451506657;1,21408752067650e+03;Ensino Fundamental;49 Horas +;2022
13;2;5;1351,136481653958;1,93767950575926e+02;Ensino Fundamental;49 Horas +;2022
14;2;5;1744,976041718458;2,84498007062748e+02;Ensino Fundamental;49 Horas +;2022
15;2;5;1536,547287878423;1,36241833896826e+02;Ensino Fundamental;49 Horas +;2022
16;2;5;2154,621500845441;7,61755834492999e+02;Ensino Fundamental;49 Horas +;2022
17;2;5;2132,337752453038;2,95094024086244e+02;Ensino Fundamental;49 Horas +;2022
21;2;5;1367,805995717974;2,74734110265228e+02;Ensino Fundamental;49 Horas +;2022
22;2;5;1226,152895881803;1,24561208563036e+02;Ensino Fundamental;49 Horas +;2022
23;2;5;1277,581200229019;9,78845785708984e+01;Ensino Fundamental;49 Horas +;2022
24;2;5;1566,403188936887;3,42159429394172e+02;Ensino Fundamental;49 Horas +;2022
25;2;5;1327,900975407343;9,88066396462087e+01;Ensino Fundamental;49 Horas +;2022
26;2;5;1309,633390684913;1,00737589845811e+02;Ensino Fundamental;49 Horas +;2022
27;2;5;1552,880780603154;1,88668833222138e+02;Ensino Fundamental;49 Horas +;2022
28;2;5;1495,938437153403;3,04249196424478e+02;Ensino Fundamental;49 Horas +;2022
29;2;5;1230,885936879154;8,93100426853570e+01;Ensino Fundamental;49 Horas +;2022
31;2;5;2245,383557574904;1,21389904874947e+02;Ensino Fundamental;49 Horas +;2022
32;2;5;2300,274305810082;2,41232638287485e+02;Ensino Fundamental;49 Horas +;2022
33;2;5;1851,388094305435;1,30095286765272e+02;Ensino Fundamental;49 Horas +;2022
35;2;5;2320,479109573909;1,58997145860207e+02;Ensino Fundamental;49 Horas +;2022
41;2;5;2941,671096372078;3,05248434767406e+02;Ensino Fundamental;49 Horas +;2022
42;2;5;3357,222821194614;3,09082662740052e+02;Ensino Fundamental;49 Horas +;2022
43;2;5;3350,225262621860;3,00485361816163e+02;Ensino Fundamental;49 Horas +;2022
50;2;5;3170,382832588039;4,46125340465617e+02;Ensino Fundamental;49 Horas +;2022
51;2;5;3409,872260587011;2,91062878613023e+02;Ensino Fundamental;49 Horas +;2022
52;2;5;2245,583992403810;1,76626460135266e+02;Ensino Fundamental;49 Horas +;2022
53;2;5;2045,207432780954;1,65640183185330e+02;Ensino Fundamental;49 Horas +;2022
11;3;5;2890,660913489492;8,83877225504353e+02;Ensino Fundamental;49 Horas +;2022
12;3;5;1507,393714072272;1,56824584098474e+02;Ensino Fundamental;49 Horas +;2022
13;3;5;2183,685907015879;4,34648512355196e+02;Ensino Fundamental;49 Horas +;2022
14;3;5;2299,197262249003;6,95845175613831e+02;Ensino Fundamental;49 Horas +;2022
15;3;5;2404,953999238399;4,15145012954381e+02;Ensino Fundamental;49 Horas +;2022
16;3;5;2962,558160856162;1,32571689549969e+03;Ensino Fundamental;49 Horas +;2022
17;3;5;2920,519201409465;8,43816623755733e+02;Ensino Fundamental;49 Horas +;2022
21;3;5;1267,370201949468;2,27006556900798e+02;Ensino Fundamental;49 Horas +;2022
22;3;5;1894,118393387334;5,68052669312664e+02;Ensino Fundamental;49 Horas +;2022
23;3;5;1496,850980025009;1,31181955739493e+02;Ensino Fundamental;49 Horas +;2022
24;3;5;1317,835411137283;2,02747481264659e+02;Ensino Fundamental;49 Horas +;2022
25;3;5;1505,591648990988;1,75673477313478e+02;Ensino Fundamental;49 Horas +;2022
26;3;5;1380,089424612358;1,89654919940844e+02;Ensino Fundamental;49 Horas +;2022
27;3;5;3021,369764368249;1,11301161774447e+03;Ensino Fundamental;49 Horas +;2022
28;3;5;1377,852144257769;2,25240913368057e+02;Ensino Fundamental;49 Horas +;2022
29;3;5;1221,445945162790;1,13185827540423e+02;Ensino Fundamental;49 Horas +;2022
31;3;5;2287,244389026713;1,53560224274911e+02;Ensino Fundamental;49 Horas +;2022
32;3;5;2126,580780318428;2,29223740012221e+02;Ensino Fundamental;49 Horas +;2022
33;3;5;1930,649948293060;1,41468128482723e+02;Ensino Fundamental;49 Horas +;2022
35;3;5;2367,474071192776;2,05300813842406e+02;Ensino Fundamental;49 Horas +;2022
41;3;5;3217,185814040410;2,93144624428221e+02;Ensino Fundamental;49 Horas +;2022
42;3;5;3352,692582463895;2,62727537014574e+02;Ensino Fundamental;49 Horas +;2022
43;3;5;3464,955081121834;3,06514855569672e+02;Ensino Fundamental;49 Horas +;2022
50;3;5;2632,715428718638;4,55361838588853e+02;Ensino Fundamental;49 Horas +;2022
51;3;5;3511,408525314668;6,68375919067012e+02;Ensino Fundamental;49 Horas +;2022
52;3;5;3417,779086590986;8,90997529862447e+02;Ensino Fundamental;49 Horas +;2022
53;3;5;2170,890488676533;3,33887833556835e+02;Ensino Fundamental;49 Horas +;2022
11;4;5;1909,598341881935;2,38879915483051e+02;Ensino Médio;49 Horas +;2022
12;4;5;2975,387339116698;2,00654355124397e+03;Ensino Médio;49 Horas +;2022
13;4;5;1022,848613983313;9,56761607280352e+01;Ensino Médio;49 Horas +;2022
14;4;5;1783,356779695455;4,62963676900706e+02;Ensino Médio;49 Horas +;2022
15;4;5;1274,939235055960;1,06010054375544e+02;Ensino Médio;49 Horas +;2022
16;4;5;938,441525409857;2,61756711643991e+02;Ensino Médio;49 Horas +;2022
17;4;5;4192,881384887838;1,41411714279536e+03;Ensino Médio;49 Horas +;2022
21;4;5;1572,179849918377;2,69280077166650e+02;Ensino Médio;49 Horas +;2022
22;4;5;1797,674329870125;2,55824133839270e+02;Ensino Médio;49 Horas +;2022
23;4;5;2143,024591464815;4,84294211899555e+02;Ensino Médio;49 Horas +;2022
24;4;5;1425,829655184943;1,98779547093818e+02;Ensino Médio;49 Horas +;2022
25;4;5;1598,101747161463;2,08098706414195e+02;Ensino Médio;49 Horas +;2022
26;4;5;1493,901115218897;1,84862047658817e+02;Ensino Médio;49 Horas +;2022
27;4;5;2039,656763647660;5,56648930333131e+02;Ensino Médio;49 Horas +;2022
28;4;5;1044,587649961019;1,20475330132724e+02;Ensino Médio;49 Horas +;2022
29;4;5;1364,516560938938;1,56347670454431e+02;Ensino Médio;49 Horas +;2022
31;4;5;2071,656345658592;2,53871999814695e+02;Ensino Médio;49 Horas +;2022
32;4;5;3120,176696799087;7,13124617174098e+02;Ensino Médio;49 Horas +;2022
33;4;5;2204,225986180221;2,20519274482619e+02;Ensino Médio;49 Horas +;2022
35;4;5;2710,397867334698;2,29471455203138e+02;Ensino Médio;49 Horas +;2022
41;4;5;2284,768393620592;2,42919896707820e+02;Ensino Médio;49 Horas +;2022
42;4;5;2968,940162543341;3,44255722524389e+02;Ensino Médio;49 Horas +;2022
43;4;5;3137,137867824199;4,76023696187231e+02;Ensino Médio;49 Horas +;2022
50;4;5;2509,518750230892;3,31477517203500e+02;Ensino Médio;49 Horas +;2022
51;4;5;3248,867575230489;5,50198507781320e+02;Ensino Médio;49 Horas +;2022
52;4;5;2990,682346984365;5,60550057745552e+02;Ensino Médio;49 Horas +;2022
53;4;5;3373,546958637739;1,08904801130652e+03;Ensino Médio;49 Horas +;2022
11;5;5;2458,339831180608;3,33382629813894e+02;Ensino Médio;49 Horas +;2022
12;5;5;2965,979958210858;9,93051799088232e+02;Ensino Médio;49 Horas +;2022
13;5;5;1929,805103275500;1,65031381693160e+02;Ensino Médio;49 Horas +;2022
14;5;5;2116,331381507901;2,73985147115457e+02;Ensino Médio;49 Horas +;2022
15;5;5;2349,968893170307;3,81541497837023e+02;Ensino Médio;49 Horas +;2022
16;5;5;2076,430990425860;5,47498903383619e+02;Ensino Médio;49 Horas +;2022
17;5;5;2940,536454871613;3,30556350871716e+02;Ensino Médio;49 Horas +;2022
21;5;5;1896,561456509088;2,16820748424006e+02;Ensino Médio;49 Horas +;2022
22;5;5;2223,197446444562;2,10714302108999e+02;Ensino Médio;49 Horas +;2022
23;5;5;2422,542441562393;4,32958437248058e+02;Ensino Médio;49 Horas +;2022
24;5;5;1865,014265439012;1,62185301081004e+02;Ensino Médio;49 Horas +;2022
25;5;5;1686,710388661086;1,59569595164404e+02;Ensino Médio;49 Horas +;2022
26;5;5;1966,588390043309;1,77482595643075e+02;Ensino Médio;49 Horas +;2022
27;5;5;1836,921683236347;1,95804489764856e+02;Ensino Médio;49 Horas +;2022
28;5;5;1750,046099214770;1,66608877820793e+02;Ensino Médio;49 Horas +;2022
29;5;5;1906,889343472879;1,80521852220095e+02;Ensino Médio;49 Horas +;2022
31;5;5;2648,580519767408;1,29845568756916e+02;Ensino Médio;49 Horas +;2022
32;5;5;3424,166427137470;6,91458790241830e+02;Ensino Médio;49 Horas +;2022
33;5;5;3182,387727663058;2,27968041421472e+02;Ensino Médio;49 Horas +;2022
35;5;5;2789,735082792917;1,06624382924962e+02;Ensino Médio;49 Horas +;2022
41;5;5;3241,065314202638;1,81660864739845e+02;Ensino Médio;49 Horas +;2022
42;5;5;3908,841608314854;3,32486387676963e+02;Ensino Médio;49 Horas +;2022
43;5;5;3022,687199426338;1,60626875000162e+02;Ensino Médio;49 Horas +;2022
50;5;5;3490,937371582032;4,21511569784311e+02;Ensino Médio;49 Horas +;2022
51;5;5;3740,519813918817;4,71826497342193e+02;Ensino Médio;49 Horas +;2022
52;5;5;2866,151657881965;2,71403540954706e+02;Ensino Médio;49 Horas +;2022
53;5;5;2846,741368125955;2,86786189717052e+02;Ensino Médio;49 Horas +;2022
11;6;5;5826,795904109730;2,63423555194673e+03;Ensino Superior;49 Horas +;2022
12;6;5;1285,680080779732;6,90164515694562e+01;Ensino Superior;49 Horas +;2022
13;6;5;2326,546868323518;3,97011432530570e+02;Ensino Superior;49 Horas +;2022
14;6;5;2559,613812917798;7,97545837610936e+02;Ensino Superior;49 Horas +;2022
15;6;5;2469,058364965174;4,61024507542491e+02;Ensino Superior;49 Horas +;2022
16;6;5;3099,344439861323;1,24278209736469e+03;Ensino Superior;49 Horas +;2022
17;6;5;9907,421043083679;4,06830096638638e+03;Ensino Superior;49 Horas +;2022
21;6;5;2744,998510044982;9,11025273718432e+02;Ensino Superior;49 Horas +;2022
22;6;5;2855,165038752226;9,47255740042999e+02;Ensino Superior;49 Horas +;2022
23;6;5;1718,229879263928;2,45875555604773e+02;Ensino Superior;49 Horas +;2022
24;6;5;3340,085969004826;8,77491468015395e+02;Ensino Superior;49 Horas +;2022
25;6;5;3073,835047951992;7,80031429858202e+02;Ensino Superior;49 Horas +;2022
26;6;5;4033,541502361804;1,06079281812130e+03;Ensino Superior;49 Horas +;2022
27;6;5;2283,845818523589;4,96682812534554e+02;Ensino Superior;49 Horas +;2022
28;6;5;3523,180473090380;1,39462797251191e+03;Ensino Superior;49 Horas +;2022
29;6;5;2367,070998198396;5,46362180656451e+02;Ensino Superior;49 Horas +;2022
31;6;5;5447,993953056249;1,13878140853073e+03;Ensino Superior;49 Horas +;2022
32;6;5;4215,649574732137;5,72095204706072e+02;Ensino Superior;49 Horas +;2022
33;6;5;4409,978934119602;4,35030275068022e+02;Ensino Superior;49 Horas +;2022
35;6;5;4658,524917003340;6,54135829280647e+02;Ensino Superior;49 Horas +;2022
41;6;5;3691,833001191857;3,14418719232113e+02;Ensino Superior;49 Horas +;2022
42;6;5;3706,973652873795;6,98517854372409e+02;Ensino Superior;49 Horas +;2022
43;6;5;3860,136422117014;3,86418311344772e+02;Ensino Superior;49 Horas +;2022
50;6;5;3627,009656285514;4,52486790054876e+02;Ensino Superior;49 Horas +;2022
51;6;5;5130,165020879903;1,63210836042917e+03;Ensino Superior;49 Horas +;2022
52;6;5;3906,203742360327;1,10348307824624e+03;Ensino Superior;49 Horas +;2022
53;6;5;3244,537012839135;7,48562421322059e+02;Ensino Superior;49 Horas +;2022
11;7;5;4799,770887110688;5,25519456078616e+02;Ensino Superior;49 Horas +;2022
12;7;5;3821,483541634715;7,40439368824037e+02;Ensino Superior;49 Horas +;2022
13;7;5;4516,581243231833;5,27294540967312e+02;Ensino Superior;49 Horas +;2022
14;7;5;5695,236045586298;1,60739950693230e+03;Ensino Superior;49 Horas +;2022
15;7;5;6075,293374868847;7,09269050430121e+02;Ensino Superior;49 Horas +;2022
16;7;5;3987,372874383834;7,81744585571147e+02;Ensino Superior;49 Horas +;2022
17;7;5;5920,632650102098;8,05444971663984e+02;Ensino Superior;49 Horas +;2022
21;7;5;5143,921194884721;5,94726662999650e+02;Ensino Superior;49 Horas +;2022
22;7;5;6003,385814088144;9,92505466791152e+02;Ensino Superior;49 Horas +;2022
23;7;5;5218,196587825180;1,14407343555643e+03;Ensino Superior;49 Horas +;2022
24;7;5;6627,248462153044;1,21448281774431e+03;Ensino Superior;49 Horas +;2022
25;7;5;6027,315461510500;8,26821486283738e+02;Ensino Superior;49 Horas +;2022
26;7;5;5725,074731450931;7,58312557738785e+02;Ensino Superior;49 Horas +;2022
27;7;5;6298,353538929937;1,16755618016912e+03;Ensino Superior;49 Horas +;2022
28;7;5;5322,009958794852;1,49097458201829e+03;Ensino Superior;49 Horas +;2022
29;7;5;5248,438877666169;1,06742896166561e+03;Ensino Superior;49 Horas +;2022
31;7;5;6185,652714422988;7,61661164547626e+02;Ensino Superior;49 Horas +;2022
32;7;5;6207,504004032960;5,63730172745058e+02;Ensino Superior;49 Horas +;2022
33;7;5;7873,593672691072;5,62507674200651e+02;Ensino Superior;49 Horas +;2022
35;7;5;8503,567018933581;6,29612328572523e+02;Ensino Superior;49 Horas +;2022
41;7;5;7012,306031067389;6,21674118902600e+02;Ensino Superior;49 Horas +;2022
42;7;5;7351,322980972052;6,50184464423537e+02;Ensino Superior;49 Horas +;2022
43;7;5;7459,771778047130;5,41627791560519e+02;Ensino Superior;49 Horas +;2022
50;7;5;7334,040670812724;8,58063698708781e+02;Ensino Superior;49 Horas +;2022
51;7;5;7037,760930305481;2,03420239457959e+03;Ensino Superior;49 Horas +;2022
52;7;5;9460,954908332369;1,74797150719649e+03;Ensino Superior;49 Horas +;2022
53;7;5;10517,776967619580;1,09737381861194e+03;Ensino Superior;49 Horas +;2022
